FromStationName,ToStationName,Month,Year,SUM_Values_Pass
תל אביב מרכז,קרית אריה,3,2026,807
כפר סבא,יבנה מערב,3,2026,422
אופקים,חדרה מערב,3,2026,232
רמלה,השלום,3,2026,1895
"רשל""צ משה דיין",דימונה,3,2026,1
בנימינה,כפר ברוך,3,2026,16
הרצליה,הוד השרון,3,2026,275
בני ברק,באר יעקב,3,2026,12
הרצליה,נתניה קריית ספיר,3,2026,389
יבנה מערב,בני ברק,3,2026,206
להבים רהט,כרמיאל,3,2026,14
תל אביב מרכז,מרכזית המפרץ/קו החוף,3,2026,3126
מזכרת בתיה,קרית אריה,3,2026,13
לוד,לוד גני אביב,3,2026,56
בנימינה,חולון וולפסון,3,2026,194
להבים רהט,בת ים יוספטל,3,2026,5
לוד,באר שבע צפון,3,2026,1554
לוד גני אביב,פאתי מודיעין,3,2026,8
השלום,נתניה,3,2026,8232
חולון וולפסון,נתניה קריית ספיר,3,2026,56
ראש העין צפון,יבנה מזרח,3,2026,2
פאתי מודיעין,בנימינה,3,2026,168
קרית מוצקין,קרית מלאכי,3,2026,110
להבים רהט,רמלה,3,2026,239
יבנה מזרח,קרית אריה,3,2026,2
בית יהושע,בנימינה,3,2026,540
בנימינה,כרמיאל,3,2026,299
מזכרת בתיה,פאתי מודיעין,3,2026,1
ראשונים,תל אביב מרכז,3,2026,72
רמלה,בני ברק,3,2026,50
עפולה,תא אוניברסיטה,3,2026,140
נהריה,אופקים,3,2026,157
סגולה,תל אביב מרכז,3,2026,216
הרצליה,מודיעין מרכז,3,2026,433
קרית מוצקין,סגולה,3,2026,17
ראשונים,קרית מוצקין,3,2026,20
מרכזית המפרץ/קו החוף,שדרות,3,2026,138
מזכרת בתיה,בית שמש,3,2026,12
אשדוד עד הלום,בנימינה,3,2026,490
נתיבות,קרית גת,3,2026,3
להבים רהט,"נתב""ג",3,2026,19
הרצליה,חדרה מערב,3,2026,2128
קרית אריה,עכו,3,2026,53
קרית אריה,סגולה,3,2026,19
קרית גת,ראשונים,3,2026,31
יבנה מערב,בית יהושע,3,2026,229
ראשונים,רמלה,3,2026,16
להבים רהט,רעננה מערב,3,2026,10
עפולה,"רשל""צ משה דיין",3,2026,30
"נתב""ג",נתיבות,3,2026,21
חולון וולפסון,מודיעין מרכז,3,2026,70
בית יהושע,חדרה מערב,3,2026,440
באר יעקב,ראשונים,3,2026,1
שדרות,מזכרת בתיה,3,2026,2
דימונה,קרית גת,3,2026,6
נהריה,עכו,3,2026,2165
רעננה מערב,חוף הכרמל,3,2026,72
קיסריה פרדס חנה,לוד גני אביב,3,2026,12
תא אוניברסיטה,ראשונים,3,2026,7
באר שבע מרכז,בת ים יוספטל,3,2026,854
בנימינה,רעננה מערב,3,2026,134
רחובות,באר שבע צפון,3,2026,303
בת גלים,ירושלים/יצחק נבון,3,2026,705
לוד גני אביב,קרית אריה,3,2026,2
קרית מלאכי,ראשונים,3,2026,12
"רשל""צ משה דיין",ראשונים,3,2026,1
בת גלים,רמלה,3,2026,67
"רשל""צ משה דיין",חיפה מרכז,3,2026,117
קיסריה פרדס חנה,נתיבות,3,2026,39
"נתב""ג",כרמיאל,3,2026,179
יבנה מערב,השלום,3,2026,4793
נהריה,נתיבות,3,2026,62
לוד,כפר סבא,3,2026,136
בית שמש,באר יעקב,3,2026,54
לוד גני אביב,באר שבע צפון,3,2026,5
עתלית,יבנה מערב,3,2026,10
חיפה מרכז,ראש העין צפון,3,2026,75
באר שבע מרכז,תא אוניברסיטה,3,2026,1693
לוד,רחובות,3,2026,2173
קיסריה פרדס חנה,עפולה,3,2026,8
חדרה מערב,חולון וולפסון,3,2026,118
חולון וולפסון,חדרה מערב,3,2026,112
שדרות,תל אביב מרכז,3,2026,1047
באר יעקב,יבנה מערב,3,2026,13
אופקים,אשדוד עד הלום,3,2026,1803
בת ים יוספטל,אשדוד עד הלום,3,2026,2526
באר יעקב,חיפה מרכז,3,2026,32
כרמיאל,ראשונים,3,2026,11
פאתי מודיעין,הרצליה,3,2026,70
אשקלון,בנימינה,3,2026,684
קיסריה פרדס חנה,כרמיאל,3,2026,62
מזכרת בתיה,בת גלים,3,2026,114
באר שבע מרכז,חולון וולפסון,3,2026,247
עפולה,בית שמש,3,2026,9
עכו,באר יעקב,3,2026,34
ראשונים,כרמיאל,3,2026,11
הוד השרון,באר שבע מרכז,3,2026,205
"נתב""ג",מזכרת בתיה,3,2026,9
אופקים,בני ברק,3,2026,60
בת גלים,קרית מוצקין,3,2026,4968
בית יהושע,מודיעין מרכז,3,2026,140
באר שבע מרכז,עפולה,3,2026,99
ראש העין צפון,עפולה,3,2026,17
חיפה מרכז,הרצליה,3,2026,802
קרית מלאכי,מזכרת בתיה,3,2026,53
בת ים יוספטל,השלום,3,2026,2805
קיסריה פרדס חנה,אשקלון,3,2026,285
כפר סבא,מרכזית המפרץ/קו החוף,3,2026,129
סגולה,נהריה,3,2026,26
מזכרת בתיה,ראש העין צפון,3,2026,34
בית יהושע,נתניה קריית ספיר,3,2026,15
בת גלים,באר שבע צפון,3,2026,123
השלום,נתיבות,3,2026,1220
קרית מלאכי,השלום,3,2026,989
נתיבות,מזכרת בתיה,3,2026,2
מזכרת בתיה,השלום,3,2026,1737
הרצליה,סגולה,3,2026,38
רמלה,קרית אריה,3,2026,18
סגולה,קרית מוצקין,3,2026,17
לוד גני אביב,"רשל""צ משה דיין",3,2026,34
בת ים יוספטל,ראש העין צפון,3,2026,425
הוד השרון,קרית אריה,3,2026,169
עכו,חולון וולפסון,3,2026,31
תא אוניברסיטה,כפר ברוך,3,2026,23
נהריה,לוד גני אביב,3,2026,5
נהריה,חוף הכרמל,3,2026,3113
ירושלים/יצחק נבון,בית יהושע,3,2026,938
חוף הכרמל,השלום,3,2026,8002
"נתב""ג",אופקים,3,2026,27
בנימינה,ראשונים,3,2026,24
בנימינה,באר שבע מרכז,3,2026,1965
חוף הכרמל,כפר סבא,3,2026,148
באר שבע מרכז,מזכרת בתיה,3,2026,1320
פאתי מודיעין,בית שאן,3,2026,13
"רשל""צ משה דיין",בית יהושע,3,2026,244
להבים רהט,"רשל""צ משה דיין",3,2026,20
כפר ברוך,באר שבע מרכז,3,2026,23
בנימינה,בת ים יוספטל,3,2026,152
מודיעין מרכז,בני ברק,3,2026,19
חדרה מערב,קרית גת,3,2026,334
קרית אריה,אופקים,3,2026,530
אשדוד עד הלום,דימונה,3,2026,1
שדרות,אשדוד עד הלום,3,2026,1790
נתניה קריית ספיר,קרית מוצקין,3,2026,64
אשדוד עד הלום,בת ים יוספטל,3,2026,2295
מרכזית המפרץ/קו החוף,ירושלים/יצחק נבון,3,2026,907
חוף הכרמל,רמלה,3,2026,217
בית שאן,השלום,3,2026,373
רעננה מערב,נתיבות,3,2026,67
באר יעקב,בת גלים,3,2026,74
אופקים,יבנה מזרח,3,2026,3
דימונה,קרית מלאכי,3,2026,3
קרית אריה,קרית מוצקין,3,2026,127
בנימינה,נתניה,3,2026,1675
הרצליה,באר שבע מרכז,3,2026,3113
הרצליה,תא אוניברסיטה,3,2026,830
רעננה מערב,ראש העין צפון,3,2026,231
הרצליה,בית שאן,3,2026,71
בת ים יוספטל,כפר סבא,3,2026,482
אשקלון,באר שבע צפון,3,2026,767
קרית מלאכי,דימונה,3,2026,1
אשדוד עד הלום,ראש העין צפון,3,2026,470
הוד השרון,ראשונים,3,2026,1
חדרה מערב,חיפה מרכז,3,2026,437
מודיעין מרכז,תל אביב מרכז,3,2026,3479
דימונה,השלום,3,2026,17
תל אביב מרכז,הרצליה,3,2026,5298
תא אוניברסיטה,לוד,3,2026,1928
באר שבע צפון,כרמיאל,3,2026,106
רמלה,רעננה מערב,3,2026,33
"נתב""ג",בני ברק,3,2026,13
באר שבע מרכז,נתניה,3,2026,2324
קרית אריה,יבנה מערב,3,2026,597
ראשונים,בנימינה,3,2026,22
יבנה מזרח,חוף הכרמל,3,2026,20
השלום,יבנה מזרח,3,2026,467
מזכרת בתיה,רמלה,3,2026,108
עכו,אופקים,3,2026,65
ירושלים/יצחק נבון,בית שמש,3,2026,17
בני ברק,נתניה,3,2026,111
בית שמש,באר שבע צפון,3,2026,54
שדרות,חיפה מרכז,3,2026,24
קיסריה פרדס חנה,אופקים,3,2026,76
יבנה מערב,באר יעקב,3,2026,7
קרית גת,כפר סבא,3,2026,120
קרית גת,חיפה מרכז,3,2026,85
קרית מוצקין,מרכזית המפרץ/קו החוף,3,2026,1085
אופקים,עתלית,3,2026,3
בית שאן,מזכרת בתיה,3,2026,18
חדרה מערב,לוד,3,2026,965
חולון וולפסון,רמלה,3,2026,8
קרית גת,יבנה מערב,3,2026,4
אופקים,סגולה,3,2026,54
עתלית,בית שמש,3,2026,1
עתלית,מרכזית המפרץ/קו החוף,3,2026,37
להבים רהט,בית יהושע,3,2026,37
בנימינה,מזכרת בתיה,3,2026,112
להבים רהט,מרכזית המפרץ/קו החוף,3,2026,128
כפר ברוך,ירושלים/יצחק נבון,3,2026,12
בת גלים,בני ברק,3,2026,22
באר שבע צפון,סגולה,3,2026,33
נתניה קריית ספיר,באר שבע צפון,3,2026,56
בת ים יוספטל,הוד השרון,3,2026,147
תל אביב מרכז,קרית גת,3,2026,2458
רמלה,מודיעין מרכז,3,2026,14
פאתי מודיעין,השלום,3,2026,1584
יבנה מזרח,"רשל""צ משה דיין",3,2026,5
תל אביב מרכז,נתניה,3,2026,9493
"נתב""ג",בנימינה,3,2026,1005
אופקים,השלום,3,2026,1609
קרית מוצקין,תא אוניברסיטה,3,2026,1067
באר יעקב,אופקים,3,2026,57
מרכזית המפרץ/קו החוף,מזכרת בתיה,3,2026,238
באר שבע צפון,הוד השרון,3,2026,96
רחובות,"רשל""צ משה דיין",3,2026,35
רמלה,בנימינה,3,2026,108
בני ברק,באר שבע מרכז,3,2026,44
הוד השרון,בית שמש,3,2026,10
כפר סבא,לוד גני אביב,3,2026,13
סגולה,כרמיאל,3,2026,14
נהריה,יבנה מערב,3,2026,280
אשדוד עד הלום,נתניה קריית ספיר,3,2026,139
אשקלון,עכו,3,2026,126
באר שבע צפון,להבים רהט,3,2026,164
מודיעין מרכז,הוד השרון,3,2026,27
אופקים,מזכרת בתיה,3,2026,13
יבנה מזרח,שדרות,3,2026,2
שדרות,חדרה מערב,3,2026,140
חוף הכרמל,יבנה מזרח,3,2026,21
אשדוד עד הלום,חדרה מערב,3,2026,449
קיסריה פרדס חנה,בנימינה,3,2026,232
עכו,פאתי מודיעין,3,2026,32
נהריה,דימונה,3,2026,1
לוד,חולון וולפסון,3,2026,73
באר שבע צפון,מרכזית המפרץ/קו החוף,3,2026,498
להבים רהט,אופקים,3,2026,3
דימונה,קרית אריה,3,2026,1
אשקלון,כרמיאל,3,2026,131
חדרה מערב,רחובות,3,2026,882
לוד גני אביב,באר יעקב,3,2026,34
נהריה,רמלה,3,2026,175
נהריה,קרית מוצקין,3,2026,3546
קרית אריה,לוד גני אביב,3,2026,6
להבים רהט,בית שאן,3,2026,83
עתלית,אופקים,3,2026,2
לוד,תא אוניברסיטה,3,2026,1789
תל אביב מרכז,בת גלים,3,2026,2762
הוד השרון,פאתי מודיעין,3,2026,2
יבנה מזרח,בת גלים,3,2026,5
כפר סבא,עכו,3,2026,61
חדרה מערב,פאתי מודיעין,3,2026,57
קרית מלאכי,תל אביב מרכז,3,2026,574
"רשל""צ משה דיין",נתיבות,3,2026,796
בת גלים,כפר ברוך,3,2026,325
עכו,בית שמש,3,2026,39
עתלית,עכו,3,2026,7
בני ברק,קרית אריה,3,2026,144
מזכרת בתיה,באר יעקב,3,2026,3
סגולה,מודיעין מרכז,3,2026,6
קרית אריה,כרמיאל,3,2026,77
עפולה,ראש העין צפון,3,2026,12
בת גלים,רחובות,3,2026,222
ירושלים/יצחק נבון,בת ים יוספטל,3,2026,459
כפר סבא,סגולה,3,2026,42
נתניה,קרית מלאכי,3,2026,107
חוף הכרמל,באר יעקב,3,2026,95
רחובות,נתניה,3,2026,1292
חיפה מרכז,לוד,3,2026,352
עפולה,קרית אריה,3,2026,9
לוד גני אביב,יבנה מזרח,3,2026,11
מזכרת בתיה,חוף הכרמל,3,2026,161
רעננה מערב,בית שמש,3,2026,11
תל אביב מרכז,להבים רהט,3,2026,581
באר יעקב,בית שאן,3,2026,11
נתיבות,קיסריה פרדס חנה,3,2026,32
לוד,בת ים יוספטל,3,2026,214
כפר ברוך,אשקלון,3,2026,17
בנימינה,סגולה,3,2026,50
ירושלים/יצחק נבון,רעננה מערב,3,2026,526
בת גלים,לוד גני אביב,3,2026,10
יבנה מערב,הוד השרון,3,2026,125
נהריה,ירושלים/יצחק נבון,3,2026,1462
רמלה,בית יהושע,3,2026,95
חדרה מערב,בית שמש,3,2026,85
תא אוניברסיטה,מודיעין מרכז,3,2026,898
נתניה,כפר סבא,3,2026,144
באר שבע צפון,שדרות,3,2026,469
באר יעקב,נתיבות,3,2026,33
חולון וולפסון,עכו,3,2026,41
באר שבע צפון,נתניה,3,2026,442
בנימינה,רחובות,3,2026,761
בת גלים,כרמיאל,3,2026,4665
תא אוניברסיטה,הרצליה,3,2026,930
כפר ברוך,חדרה מערב,3,2026,4
כפר סבא,אופקים,3,2026,345
מודיעין מרכז,שדרות,3,2026,55
הרצליה,מזכרת בתיה,3,2026,243
יבנה מזרח,מרכזית המפרץ/קו החוף,3,2026,13
דימונה,חוף הכרמל,3,2026,2
רחובות,בת גלים,3,2026,232
כפר ברוך,מודיעין מרכז,3,2026,18
מודיעין מרכז,קרית גת,3,2026,57
סגולה,"נתב""ג",3,2026,3
קרית מוצקין,רעננה מערב,3,2026,79
השלום,להבים רהט,3,2026,913
רמלה,חדרה מערב,3,2026,58
בית שמש,חוף הכרמל,3,2026,89
עפולה,הוד השרון,3,2026,6
קרית מלאכי,נהריה,3,2026,123
מודיעין מרכז,ראשונים,3,2026,3
הוד השרון,קיסריה פרדס חנה,3,2026,39
לוד גני אביב,קיסריה פרדס חנה,3,2026,9
בני ברק,קרית גת,3,2026,5
באר שבע צפון,ראשונים,3,2026,121
בת ים יוספטל,חוף הכרמל,3,2026,234
אשדוד עד הלום,סגולה,3,2026,102
בת ים יוספטל,באר יעקב,3,2026,17
קרית מלאכי,סגולה,3,2026,11
באר יעקב,בני ברק,3,2026,9
ראשונים,אשקלון,3,2026,37
באר שבע צפון,ראש העין צפון,3,2026,147
באר יעקב,חולון וולפסון,3,2026,6
בית שמש,הרצליה,3,2026,326
סגולה,רחובות,3,2026,16
נהריה,מזכרת בתיה,3,2026,116
"רשל""צ משה דיין",נהריה,3,2026,137
לוד גני אביב,נהריה,3,2026,7
קרית אריה,בית יהושע,3,2026,74
מודיעין מרכז,מזכרת בתיה,3,2026,4
עפולה,קרית גת,3,2026,48
בית יהושע,ירושלים/יצחק נבון,3,2026,1036
יבנה מזרח,ראש העין צפון,3,2026,3
מרכזית המפרץ/קו החוף,נתניה,3,2026,875
עכו,מרכזית המפרץ/קו החוף,3,2026,2886
הרצליה,כרמיאל,3,2026,283
יבנה מערב,קרית גת,3,2026,3
בת גלים,קרית מלאכי,3,2026,60
לוד,נתיבות,3,2026,192
באר שבע צפון,נתיבות,3,2026,837
אשקלון,בית יהושע,3,2026,397
השלום,רחובות,3,2026,6593
רמלה,"נתב""ג",3,2026,9
אופקים,חיפה מרכז,3,2026,53
בנימינה,נתניה קריית ספיר,3,2026,489
יבנה מערב,חיפה מרכז,3,2026,56
אופקים,רמלה,3,2026,28
חיפה מרכז,כפר ברוך,3,2026,77
פאתי מודיעין,בת גלים,3,2026,114
שדרות,קיסריה פרדס חנה,3,2026,74
סגולה,קרית מלאכי,3,2026,11
יבנה מערב,באר שבע צפון,3,2026,196
באר שבע מרכז,"נתב""ג",3,2026,338
באר שבע צפון,השלום,3,2026,4201
נהריה,ראש העין צפון,3,2026,125
הרצליה,בנימינה,3,2026,2050
נתניה,בת גלים,3,2026,839
עתלית,אשדוד עד הלום,3,2026,8
נתניה,שדרות,3,2026,272
הוד השרון,"נתב""ג",3,2026,64
עתלית,אשקלון,3,2026,12
ירושלים/יצחק נבון,אופקים,3,2026,229
"נתב""ג",מרכזית המפרץ/קו החוף,3,2026,305
"רשל""צ משה דיין",אשדוד עד הלום,3,2026,3117
בני ברק,יבנה מערב,3,2026,192
כפר סבא,חולון וולפסון,3,2026,219
"נתב""ג",עפולה,3,2026,62
דימונה,חולון וולפסון,3,2026,1
חיפה מרכז,כרמיאל,3,2026,1613
בנימינה,עתלית,3,2026,16
בת ים יוספטל,עתלית,3,2026,1
נתיבות,בני ברק,3,2026,92
הוד השרון,עפולה,3,2026,4
כפר ברוך,קיסריה פרדס חנה,3,2026,3
מרכזית המפרץ/קו החוף,בת גלים,3,2026,860
קרית גת,סגולה,3,2026,17
רעננה מערב,פאתי מודיעין,3,2026,2
לוד,קרית אריה,3,2026,75
עתלית,חולון וולפסון,3,2026,5
כפר סבא,מודיעין מרכז,3,2026,52
אופקים,הוד השרון,3,2026,101
רעננה מערב,סגולה,3,2026,6
כפר ברוך,תל אביב מרכז,3,2026,70
בני ברק,אשדוד עד הלום,3,2026,339
כפר ברוך,כרמיאל,3,2026,2
יבנה מזרח,השלום,3,2026,517
עתלית,הוד השרון,3,2026,3
רמלה,עפולה,3,2026,25
בית שמש,אשקלון,3,2026,122
עפולה,בת ים יוספטל,3,2026,17
חדרה מערב,להבים רהט,3,2026,29
ראשונים,יבנה מזרח,3,2026,1
מרכזית המפרץ/קו החוף,עפולה,3,2026,2797
חדרה מערב,באר יעקב,3,2026,157
באר שבע צפון,כפר סבא,3,2026,168
בנימינה,חוף הכרמל,3,2026,2255
נתניה קריית ספיר,עכו,3,2026,19
תא אוניברסיטה,בית שאן,3,2026,123
עתלית,בני ברק,3,2026,2
נתניה,קרית מוצקין,3,2026,706
בית שאן,חוף הכרמל,3,2026,683
"רשל""צ משה דיין",חולון וולפסון,3,2026,155
השלום,פאתי מודיעין,3,2026,1577
בת ים יוספטל,יבנה מזרח,3,2026,2
להבים רהט,חולון וולפסון,3,2026,4
לוד גני אביב,אשקלון,3,2026,54
עפולה,יבנה מערב,3,2026,86
נתיבות,מודיעין מרכז,3,2026,24
אשדוד עד הלום,לוד גני אביב,3,2026,37
שדרות,עפולה,3,2026,16
נתניה,מרכזית המפרץ/קו החוף,3,2026,851
בית שמש,מרכזית המפרץ/קו החוף,3,2026,107
רעננה מערב,לוד,3,2026,61
בית שאן,קרית גת,3,2026,40
באר שבע מרכז,דימונה,3,2026,2
עכו,רעננה מערב,3,2026,24
אשדוד עד הלום,חיפה מרכז,3,2026,175
פאתי מודיעין,מודיעין מרכז,3,2026,176
ראש העין צפון,בית שמש,3,2026,17
יבנה מערב,"נתב""ג",3,2026,56
נתניה,חוף הכרמל,3,2026,1501
בית שמש,להבים רהט,3,2026,9
אשדוד עד הלום,ירושלים/יצחק נבון,3,2026,550
חולון וולפסון,קרית מוצקין,3,2026,58
בני ברק,רחובות,3,2026,21
חיפה מרכז,יבנה מזרח,3,2026,2
לוד גני אביב,לוד,3,2026,39
באר שבע מרכז,ירושלים/יצחק נבון,3,2026,301
נתניה,חולון וולפסון,3,2026,189
חולון וולפסון,מזכרת בתיה,3,2026,6
ראש העין צפון,מרכזית המפרץ/קו החוף,3,2026,202
פאתי מודיעין,תל אביב מרכז,3,2026,868
הוד השרון,חולון וולפסון,3,2026,72
כפר ברוך,השלום,3,2026,91
בנימינה,כפר סבא,3,2026,192
בת ים יוספטל,מרכזית המפרץ/קו החוף,3,2026,197
חדרה מערב,ראש העין צפון,3,2026,151
מזכרת בתיה,נתניה,3,2026,72
אשקלון,רעננה מערב,3,2026,318
באר שבע צפון,באר יעקב,3,2026,59
בית שמש,הוד השרון,3,2026,11
תל אביב מרכז,אשקלון,3,2026,5072
לוד,בית שמש,3,2026,1169
נתיבות,נתניה,3,2026,213
ראשונים,עפולה,3,2026,4
רעננה מערב,קרית גת,3,2026,43
יבנה מזרח,אשקלון,3,2026,237
יבנה מערב,מודיעין מרכז,3,2026,52
עפולה,באר יעקב,3,2026,13
מזכרת בתיה,קרית גת,3,2026,216
עתלית,עפולה,3,2026,13
תא אוניברסיטה,מזכרת בתיה,3,2026,220
קרית אריה,רמלה,3,2026,19
חדרה מערב,תא אוניברסיטה,3,2026,2273
דימונה,נתניה,3,2026,2
חוף הכרמל,מרכזית המפרץ/קו החוף,3,2026,754
חולון וולפסון,חיפה מרכז,3,2026,56
כפר סבא,השלום,3,2026,3280
עכו,קרית אריה,3,2026,43
הוד השרון,בת ים יוספטל,3,2026,132
בת ים יוספטל,מזכרת בתיה,3,2026,9
אשקלון,רמלה,3,2026,70
חדרה מערב,קרית אריה,3,2026,133
פאתי מודיעין,"נתב""ג",3,2026,119
באר יעקב,בית יהושע,3,2026,153
עתלית,כפר ברוך,3,2026,10
כפר ברוך,נתיבות,3,2026,5
רמלה,ראשונים,3,2026,8
כפר סבא,קרית מוצקין,3,2026,100
אשקלון,חיפה מרכז,3,2026,130
השלום,כפר סבא,3,2026,3214
"רשל""צ משה דיין",עפולה,3,2026,15
בת גלים,רעננה מערב,3,2026,38
קרית אריה,השלום,3,2026,1719
הרצליה,נהריה,3,2026,1223
מרכזית המפרץ/קו החוף,תל אביב מרכז,3,2026,3420
מודיעין מרכז,עתלית,3,2026,6
יבנה מערב,נתניה קריית ספיר,3,2026,59
עפולה,פאתי מודיעין,3,2026,14
נתניה קריית ספיר,הוד השרון,3,2026,32
כפר סבא,בת ים יוספטל,3,2026,420
קרית גת,מזכרת בתיה,3,2026,191
מזכרת בתיה,נהריה,3,2026,104
חדרה מערב,ירושלים/יצחק נבון,3,2026,1687
להבים רהט,עפולה,3,2026,7
סגולה,יבנה מערב,3,2026,68
נהריה,בית שאן,3,2026,202
כפר סבא,עפולה,3,2026,7
מודיעין מרכז,חוף הכרמל,3,2026,581
בית שאן,ראשונים,3,2026,2
הוד השרון,באר שבע צפון,3,2026,89
חולון וולפסון,יבנה מערב,3,2026,1001
הוד השרון,תא אוניברסיטה,3,2026,185
רמלה,אשדוד עד הלום,3,2026,44
באר שבע מרכז,ראש העין צפון,3,2026,799
נהריה,"נתב""ג",3,2026,387
חיפה מרכז,באר שבע מרכז,3,2026,530
עכו,ירושלים/יצחק נבון,3,2026,550
חוף הכרמל,בת גלים,3,2026,381
כפר סבא,כפר ברוך,3,2026,1
בית שמש,נתניה,3,2026,554
נתיבות,להבים רהט,3,2026,4
רמלה,נתיבות,3,2026,20
תל אביב מרכז,יבנה מזרח,3,2026,266
חיפה מרכז,באר יעקב,3,2026,19
השלום,ראש העין צפון,3,2026,2795
לוד גני אביב,נתניה,3,2026,48
נתניה קריית ספיר,להבים רהט,3,2026,11
אשקלון,יבנה מערב,3,2026,2743
חדרה מערב,כפר סבא,3,2026,121
רעננה מערב,כפר סבא,3,2026,61
בית יהושע,כרמיאל,3,2026,108
קרית מוצקין,אשקלון,3,2026,300
תל אביב מרכז,אופקים,3,2026,1166
הרצליה,בת ים יוספטל,3,2026,381
עפולה,נתניה קריית ספיר,3,2026,5
"רשל""צ משה דיין",קרית גת,3,2026,92
אשקלון,להבים רהט,3,2026,11
"נתב""ג",חוף הכרמל,3,2026,1176
לוד גני אביב,חדרה מערב,3,2026,17
חולון וולפסון,קרית אריה,3,2026,159
בת ים יוספטל,עפולה,3,2026,12
בנימינה,מרכזית המפרץ/קו החוף,3,2026,1178
חוף הכרמל,אופקים,3,2026,211
עפולה,בית יהושע,3,2026,10
באר שבע מרכז,אשדוד עד הלום,3,2026,2554
ראשונים,אשדוד עד הלום,3,2026,19
באר יעקב,קרית גת,3,2026,42
נהריה,שדרות,3,2026,123
קרית אריה,נהריה,3,2026,154
ראשונים,הוד השרון,3,2026,2
תא אוניברסיטה,באר שבע מרכז,3,2026,1773
נתניה קריית ספיר,רעננה מערב,3,2026,16
מרכזית המפרץ/קו החוף,יבנה מערב,3,2026,314
רחובות,"נתב""ג",3,2026,75
אופקים,בית שמש,3,2026,26
אופקים,בת גלים,3,2026,23
אשדוד עד הלום,באר שבע צפון,3,2026,1006
שדרות,חוף הכרמל,3,2026,151
בת ים יוספטל,כרמיאל,3,2026,58
"רשל""צ משה דיין",בת גלים,3,2026,162
חדרה מערב,בני ברק,3,2026,87
"נתב""ג",כפר סבא,3,2026,92
עתלית,בת גלים,3,2026,53
כפר ברוך,יבנה מזרח,3,2026,1
בת ים יוספטל,רעננה מערב,3,2026,167
קרית אריה,נתניה,3,2026,329
יבנה מערב,פאתי מודיעין,3,2026,10
יבנה מזרח,לוד גני אביב,3,2026,7
באר שבע מרכז,בני ברק,3,2026,54
בת ים יוספטל,כפר ברוך,3,2026,1
נתיבות,חיפה מרכז,3,2026,19
רמלה,לוד,3,2026,95
אופקים,רעננה מערב,3,2026,203
עפולה,חדרה מערב,3,2026,12
בית יהושע,פאתי מודיעין,3,2026,19
נתניה,מודיעין מרכז,3,2026,412
עכו,השלום,3,2026,1573
רחובות,כרמיאל,3,2026,112
מזכרת בתיה,חדרה מערב,3,2026,43
רעננה מערב,תל אביב מרכז,3,2026,740
מזכרת בתיה,נתיבות,3,2026,3
לוד,מזכרת בתיה,3,2026,181
רמלה,באר יעקב,3,2026,10
קרית מוצקין,השלום,3,2026,3762
כרמיאל,ראש העין צפון,3,2026,80
אופקים,חולון וולפסון,3,2026,201
בת ים יוספטל,תא אוניברסיטה,3,2026,610
חוף הכרמל,נתניה קריית ספיר,3,2026,260
לוד גני אביב,עכו,3,2026,5
לוד גני אביב,בית יהושע,3,2026,4
לוד גני אביב,נתיבות,3,2026,4
בית יהושע,כפר סבא,3,2026,23
יבנה מזרח,אופקים,3,2026,1
באר יעקב,"רשל""צ משה דיין",3,2026,2
הרצליה,רעננה מערב,3,2026,138
נתניה קריית ספיר,תא אוניברסיטה,3,2026,174
השלום,סגולה,3,2026,393
השלום,בית שאן,3,2026,336
יבנה מזרח,נתיבות,3,2026,6
אשדוד עד הלום,יבנה מזרח,3,2026,252
קרית אריה,אשקלון,3,2026,1112
קיסריה פרדס חנה,קרית אריה,3,2026,105
חולון וולפסון,בת גלים,3,2026,63
באר שבע מרכז,מרכזית המפרץ/קו החוף,3,2026,2642
חוף הכרמל,מודיעין מרכז,3,2026,523
רחובות,לוד גני אביב,3,2026,156
עתלית,"רשל""צ משה דיין",3,2026,6
נתניה קריית ספיר,לוד גני אביב,3,2026,32
בית יהושע,באר שבע צפון,3,2026,333
תא אוניברסיטה,קרית מלאכי,3,2026,131
מרכזית המפרץ/קו החוף,חולון וולפסון,3,2026,82
חיפה מרכז,בנימינה,3,2026,1143
השלום,דימונה,3,2026,7
נהריה,מרכזית המפרץ/קו החוף,3,2026,8135
בנימינה,שדרות,3,2026,239
תל אביב מרכז,בית שאן,3,2026,352
נתיבות,יבנה מערב,3,2026,441
קיסריה פרדס חנה,באר שבע צפון,3,2026,109
באר יעקב,נתניה,3,2026,485
הוד השרון,מזכרת בתיה,3,2026,34
בת ים יוספטל,לוד גני אביב,3,2026,35
מזכרת בתיה,אופקים,3,2026,10
הרצליה,בית שמש,3,2026,280
תל אביב מרכז,נתיבות,3,2026,836
ירושלים/יצחק נבון,הרצליה,3,2026,7461
ראש העין צפון,קרית מוצקין,3,2026,106
הרצליה,פאתי מודיעין,3,2026,87
להבים רהט,חוף הכרמל,3,2026,89
חדרה מערב,אשקלון,3,2026,677
בנימינה,אשדוד עד הלום,3,2026,769
בת ים יוספטל,רחובות,3,2026,53
נתיבות,קרית אריה,3,2026,154
פאתי מודיעין,נתיבות,3,2026,7
השלום,קיסריה פרדס חנה,3,2026,3628
אופקים,בנימינה,3,2026,262
השלום,הוד השרון,3,2026,1418
קרית מלאכי,רחובות,3,2026,13
חוף הכרמל,באר שבע מרכז,3,2026,2209
קרית מוצקין,חוף הכרמל,3,2026,1495
באר יעקב,נתניה קריית ספיר,3,2026,91
חוף הכרמל,קרית מלאכי,3,2026,152
באר יעקב,רמלה,3,2026,8
באר שבע צפון,אשדוד עד הלום,3,2026,1080
באר שבע מרכז,תל אביב מרכז,3,2026,6229
כרמיאל,הרצליה,3,2026,316
ראש העין צפון,בת גלים,3,2026,117
חיפה מרכז,בת ים יוספטל,3,2026,69
חיפה מרכז,באר שבע צפון,3,2026,105
מודיעין מרכז,קיסריה פרדס חנה,3,2026,66
כרמיאל,נתניה קריית ספיר,3,2026,42
רעננה מערב,מרכזית המפרץ/קו החוף,3,2026,67
ראש העין צפון,נהריה,3,2026,161
ירושלים/יצחק נבון,ראש העין צפון,3,2026,479
אשדוד עד הלום,בני ברק,3,2026,330
נתניה,באר שבע מרכז,3,2026,2368
פאתי מודיעין,בית יהושע,3,2026,26
אשקלון,רחובות,3,2026,4541
הוד השרון,קרית גת,3,2026,32
כפר ברוך,נהריה,3,2026,13
בית שאן,חדרה מערב,3,2026,47
כפר ברוך,שדרות,3,2026,7
בית שאן,מרכזית המפרץ/קו החוף,3,2026,1639
אופקים,הרצליה,3,2026,273
פאתי מודיעין,נתניה קריית ספיר,3,2026,16
לוד,באר יעקב,3,2026,427
רעננה מערב,נתניה,3,2026,127
להבים רהט,קרית מלאכי,3,2026,81
הרצליה,אשקלון,3,2026,1111
"רשל""צ משה דיין",הוד השרון,3,2026,233
כרמיאל,אופקים,3,2026,106
ירושלים/יצחק נבון,סגולה,3,2026,36
מרכזית המפרץ/קו החוף,חדרה מערב,3,2026,746
שדרות,השלום,3,2026,1827
ראשונים,השלום,3,2026,80
להבים רהט,השלום,3,2026,1057
בת ים יוספטל,בנימינה,3,2026,201
"נתב""ג",עכו,3,2026,321
סגולה,אשדוד עד הלום,3,2026,97
חדרה מערב,תל אביב מרכז,3,2026,6968
קרית מוצקין,בת ים יוספטל,3,2026,88
ראשונים,קרית מלאכי,3,2026,7
דימונה,בת ים יוספטל,3,2026,2
בית יהושע,השלום,3,2026,6310
כפר סבא,נתיבות,3,2026,77
מודיעין מרכז,בת גלים,3,2026,316
מרכזית המפרץ/קו החוף,בית יהושע,3,2026,257
הוד השרון,באר יעקב,3,2026,19
באר יעקב,מודיעין מרכז,3,2026,13
השלום,מזכרת בתיה,3,2026,1701
חיפה מרכז,רחובות,3,2026,128
מרכזית המפרץ/קו החוף,מודיעין מרכז,3,2026,254
פאתי מודיעין,חדרה מערב,3,2026,47
באר שבע מרכז,ראשונים,3,2026,264
בית שאן,בני ברק,3,2026,7
הוד השרון,לוד,3,2026,55
בית שמש,תא אוניברסיטה,3,2026,227
אשקלון,נתניה קריית ספיר,3,2026,158
נתיבות,כפר סבא,3,2026,75
באר יעקב,"נתב""ג",3,2026,19
חוף הכרמל,עתלית,3,2026,27
סגולה,בית יהושע,3,2026,4
מרכזית המפרץ/קו החוף,אשדוד עד הלום,3,2026,595
לוד,יבנה מערב,3,2026,66
קרית מלאכי,חדרה מערב,3,2026,83
באר שבע צפון,בני ברק,3,2026,21
"נתב""ג",אשקלון,3,2026,278
פאתי מודיעין,בני ברק,3,2026,3
"נתב""ג",השלום,3,2026,2565
יבנה מערב,תל אביב מרכז,3,2026,2752
פאתי מודיעין,אשדוד עד הלום,3,2026,22
מודיעין מרכז,נהריה,3,2026,287
בת גלים,סגולה,3,2026,19
לוד,באר שבע מרכז,3,2026,5173
קרית מוצקין,פאתי מודיעין,3,2026,27
קרית מלאכי,נתיבות,3,2026,5
מודיעין מרכז,קרית אריה,3,2026,20
שדרות,דימונה,3,2026,1
בית יהושע,עכו,3,2026,115
ראש העין צפון,קרית גת,3,2026,134
תא אוניברסיטה,"נתב""ג",3,2026,401
בני ברק,חוף הכרמל,3,2026,57
פאתי מודיעין,אופקים,3,2026,9
קרית גת,כפר ברוך,3,2026,3
חיפה מרכז,תא אוניברסיטה,3,2026,812
נהריה,ראשונים,3,2026,24
מרכזית המפרץ/קו החוף,הרצליה,3,2026,1300
נתיבות,תא אוניברסיטה,3,2026,211
נהריה,תל אביב מרכז,3,2026,3435
בת גלים,ראש העין צפון,3,2026,115
קרית מלאכי,אשדוד עד הלום,3,2026,8
בית יהושע,שדרות,3,2026,137
בית שאן,בית יהושע,3,2026,34
עפולה,בנימינה,3,2026,86
חיפה מרכז,נתיבות,3,2026,25
שדרות,סגולה,3,2026,64
ירושלים/יצחק נבון,אשקלון,3,2026,373
תא אוניברסיטה,רמלה,3,2026,282
חדרה מערב,קיסריה פרדס חנה,3,2026,441
קרית גת,קרית אריה,3,2026,42
חיפה מרכז,בית יהושע,3,2026,124
קרית מלאכי,חולון וולפסון,3,2026,8
חיפה מרכז,אשדוד עד הלום,3,2026,252
בית שמש,בית יהושע,3,2026,60
סגולה,בית שמש,3,2026,2
רמלה,כפר סבא,3,2026,59
לוד,נתניה,3,2026,1756
"נתב""ג",ראש העין צפון,3,2026,16
בית שאן,בית שמש,3,2026,5
מודיעין מרכז,לוד גני אביב,3,2026,2
בת גלים,שדרות,3,2026,39
פאתי מודיעין,רחובות,3,2026,6
באר שבע מרכז,להבים רהט,3,2026,409
תא אוניברסיטה,קרית אריה,3,2026,441
כפר ברוך,בת גלים,3,2026,326
בית יהושע,עפולה,3,2026,1
לוד גני אביב,בנימינה,3,2026,15
פאתי מודיעין,תא אוניברסיטה,3,2026,207
לוד,בת גלים,3,2026,284
נתניה,עתלית,3,2026,9
נתיבות,רחובות,3,2026,173
כרמיאל,בית שמש,3,2026,28
באר שבע צפון,בית שאן,3,2026,50
שדרות,עתלית,3,2026,3
באר יעקב,כפר סבא,3,2026,22
קרית מלאכי,קרית מוצקין,3,2026,92
בית שמש,מודיעין מרכז,3,2026,2
אשדוד עד הלום,מרכזית המפרץ/קו החוף,3,2026,503
מודיעין מרכז,רעננה מערב,3,2026,46
בת ים יוספטל,באר שבע מרכז,3,2026,816
רחובות,ראשונים,3,2026,10
בית שאן,חולון וולפסון,3,2026,4
חוף הכרמל,בנימינה,3,2026,1876
עכו,הרצליה,3,2026,571
הוד השרון,חיפה מרכז,3,2026,31
קיסריה פרדס חנה,עתלית,3,2026,5
ראש העין צפון,חיפה מרכז,3,2026,59
מרכזית המפרץ/קו החוף,קרית מוצקין,3,2026,1011
חיפה מרכז,מודיעין מרכז,3,2026,170
באר שבע צפון,נתניה קריית ספיר,3,2026,67
קרית אריה,קיסריה פרדס חנה,3,2026,128
בית שמש,חדרה מערב,3,2026,73
פאתי מודיעין,כרמיאל,3,2026,21
בית שאן,תא אוניברסיטה,3,2026,157
קרית מלאכי,בת ים יוספטל,3,2026,15
בית יהושע,כפר ברוך,3,2026,5
כפר ברוך,לוד גני אביב,3,2026,1
קרית גת,נהריה,3,2026,246
נתניה,חיפה מרכז,3,2026,456
כפר סבא,נתניה,3,2026,103
קיסריה פרדס חנה,שדרות,3,2026,63
רעננה מערב,בית יהושע,3,2026,16
עפולה,הרצליה,3,2026,68
ירושלים/יצחק נבון,השלום,3,2026,26233
רחובות,בני ברק,3,2026,18
מזכרת בתיה,הרצליה,3,2026,232
פאתי מודיעין,באר שבע צפון,3,2026,3
מרכזית המפרץ/קו החוף,באר שבע צפון,3,2026,552
באר שבע צפון,חדרה מערב,3,2026,243
קרית מלאכי,תא אוניברסיטה,3,2026,146
קרית מלאכי,מרכזית המפרץ/קו החוף,3,2026,235
כרמיאל,בת ים יוספטל,3,2026,53
קרית מלאכי,בית שמש,3,2026,5
עתלית,קיסריה פרדס חנה,3,2026,10
באר שבע צפון,חולון וולפסון,3,2026,80
נהריה,להבים רהט,3,2026,76
כרמיאל,באר שבע צפון,3,2026,159
בת גלים,"רשל""צ משה דיין",3,2026,171
בני ברק,לוד גני אביב,3,2026,16
אשדוד עד הלום,חולון וולפסון,3,2026,1050
כפר סבא,אשדוד עד הלום,3,2026,420
באר שבע צפון,תא אוניברסיטה,3,2026,838
בית שמש,"נתב""ג",3,2026,36
רמלה,יבנה מזרח,3,2026,5
הוד השרון,יבנה מערב,3,2026,175
עכו,קרית מוצקין,3,2026,1143
הרצליה,כפר ברוך,3,2026,4
"נתב""ג",סגולה,3,2026,4
בת גלים,השלום,3,2026,2565
הוד השרון,נהריה,3,2026,49
באר שבע צפון,מודיעין מרכז,3,2026,62
בית שאן,כרמיאל,3,2026,52
נתיבות,ירושלים/יצחק נבון,3,2026,136
מודיעין מרכז,כפר ברוך,3,2026,9
חיפה מרכז,חדרה מערב,3,2026,505
נתיבות,"נתב""ג",3,2026,43
נתניה קריית ספיר,קרית מלאכי,3,2026,14
מודיעין מרכז,עפולה,3,2026,63
לוד,קרית גת,3,2026,1667
חדרה מערב,מזכרת בתיה,3,2026,67
ירושלים/יצחק נבון,שדרות,3,2026,248
קרית גת,שדרות,3,2026,2
מרכזית המפרץ/קו החוף,תא אוניברסיטה,3,2026,1152
לוד גני אביב,הרצליה,3,2026,95
קרית גת,חוף הכרמל,3,2026,368
עתלית,נהריה,3,2026,7
"רשל""צ משה דיין",ראש העין צפון,3,2026,321
מרכזית המפרץ/קו החוף,כפר סבא,3,2026,113
יבנה מערב,לוד,3,2026,78
נתיבות,בית שאן,3,2026,16
הרצליה,עפולה,3,2026,43
בית יהושע,ראש העין צפון,3,2026,50
חוף הכרמל,"נתב""ג",3,2026,1053
יבנה מערב,בת ים יוספטל,3,2026,2371
לוד,אשדוד עד הלום,3,2026,2467
נהריה,נתניה,3,2026,855
בית שמש,תל אביב מרכז,3,2026,1235
הוד השרון,בנימינה,3,2026,71
מודיעין מרכז,קרית מוצקין,3,2026,146
קרית מלאכי,יבנה מזרח,3,2026,1
מודיעין מרכז,בת ים יוספטל,3,2026,70
לוד,הרצליה,3,2026,1213
באר יעקב,קרית אריה,3,2026,19
מזכרת בתיה,"נתב""ג",3,2026,19
תל אביב מרכז,חיפה מרכז,3,2026,2270
מרכזית המפרץ/קו החוף,לוד,3,2026,872
נתיבות,תל אביב מרכז,3,2026,794
חיפה מרכז,מזכרת בתיה,3,2026,43
עפולה,ראשונים,3,2026,3
עפולה,נתיבות,3,2026,21
באר שבע צפון,קרית מוצקין,3,2026,242
נהריה,בת גלים,3,2026,4103
דימונה,עכו,3,2026,1
השלום,כרמיאל,3,2026,1313
קרית מוצקין,בני ברק,3,2026,35
יבנה מערב,באר שבע מרכז,3,2026,524
מודיעין מרכז,דימונה,3,2026,1
לוד גני אביב,"נתב""ג",3,2026,9
רעננה מערב,כרמיאל,3,2026,15
בני ברק,נתיבות,3,2026,75
"נתב""ג",בת גלים,3,2026,293
נתניה,מזכרת בתיה,3,2026,81
כרמיאל,יבנה מזרח,3,2026,9
"רשל""צ משה דיין",באר שבע מרכז,3,2026,969
הרצליה,כפר סבא,3,2026,402
בית שמש,אופקים,3,2026,19
קיסריה פרדס חנה,נתניה,3,2026,1431
קרית מלאכי,באר יעקב,3,2026,18
חולון וולפסון,חוף הכרמל,3,2026,145
לוד גני אביב,תל אביב מרכז,3,2026,521
נתניה קריית ספיר,סגולה,3,2026,6
באר שבע צפון,ירושלים/יצחק נבון,3,2026,83
בני ברק,תל אביב מרכז,3,2026,116
עכו,מודיעין מרכז,3,2026,83
נהריה,"רשל""צ משה דיין",3,2026,166
יבנה מזרח,קרית מוצקין,3,2026,8
תא אוניברסיטה,באר יעקב,3,2026,457
בית שאן,סגולה,3,2026,11
קיסריה פרדס חנה,בת גלים,3,2026,283
כרמיאל,חוף הכרמל,3,2026,2270
כרמיאל,באר שבע מרכז,3,2026,878
עתלית,קרית אריה,3,2026,2
אשקלון,עתלית,3,2026,3
סגולה,באר יעקב,3,2026,8
כפר ברוך,קרית מלאכי,3,2026,2
חולון וולפסון,באר יעקב,3,2026,12
פאתי מודיעין,ראש העין צפון,3,2026,4
ראש העין צפון,אופקים,3,2026,438
באר שבע צפון,חיפה מרכז,3,2026,79
אשדוד עד הלום,בית שמש,3,2026,97
יבנה מערב,רעננה מערב,3,2026,193
באר שבע צפון,רמלה,3,2026,644
רעננה מערב,נתניה קריית ספיר,3,2026,12
הרצליה,קרית מלאכי,3,2026,200
השלום,"נתב""ג",3,2026,2383
הוד השרון,נתניה קריית ספיר,3,2026,28
חוף הכרמל,עכו,3,2026,1210
אופקים,באר שבע מרכז,3,2026,1437
תל אביב מרכז,יבנה מערב,3,2026,3225
כפר ברוך,בית שמש,3,2026,2
עכו,בית יהושע,3,2026,103
באר שבע צפון,בת ים יוספטל,3,2026,186
קרית אריה,עתלית,3,2026,1
כפר סבא,חוף הכרמל,3,2026,168
יבנה מזרח,רמלה,3,2026,6
מזכרת בתיה,מודיעין מרכז,3,2026,8
סגולה,חוף הכרמל,3,2026,43
ראש העין צפון,נתיבות,3,2026,165
מרכזית המפרץ/קו החוף,רחובות,3,2026,388
נתניה,השלום,3,2026,8346
תא אוניברסיטה,חוף הכרמל,3,2026,2726
להבים רהט,נהריה,3,2026,84
מזכרת בתיה,נתניה קריית ספיר,3,2026,30
ירושלים/יצחק נבון,הוד השרון,3,2026,211
"רשל""צ משה דיין",קרית אריה,3,2026,495
ראש העין צפון,ראשונים,3,2026,5
נתניה קריית ספיר,פאתי מודיעין,3,2026,13
חולון וולפסון,עתלית,3,2026,7
כפר סבא,עתלית,3,2026,1
יבנה מזרח,כרמיאל,3,2026,5
הרצליה,לוד גני אביב,3,2026,98
תל אביב מרכז,קרית מוצקין,3,2026,3253
"נתב""ג",בית שמש,3,2026,23
רחובות,יבנה מערב,3,2026,11
שדרות,בית שמש,3,2026,14
נהריה,קרית גת,3,2026,289
כרמיאל,קיסריה פרדס חנה,3,2026,77
קרית אריה,להבים רהט,3,2026,17
"נתב""ג",נתניה,3,2026,762
מרכזית המפרץ/קו החוף,"נתב""ג",3,2026,305
קרית גת,בית שאן,3,2026,17
יבנה מזרח,באר שבע מרכז,3,2026,9
נתניה קריית ספיר,יבנה מזרח,3,2026,32
בית שאן,לוד גני אביב,3,2026,2
חיפה מרכז,רעננה מערב,3,2026,27
אשדוד עד הלום,כפר ברוך,3,2026,10
קרית מוצקין,תל אביב מרכז,3,2026,3489
קרית מוצקין,כפר סבא,3,2026,130
נתיבות,כרמיאל,3,2026,23
קרית מוצקין,הוד השרון,3,2026,36
אשדוד עד הלום,קרית אריה,3,2026,615
פאתי מודיעין,עפולה,3,2026,4
קרית גת,נתיבות,3,2026,3
ירושלים/יצחק נבון,יבנה מערב,3,2026,428
נתיבות,אשדוד עד הלום,3,2026,1773
קיסריה פרדס חנה,ראשונים,3,2026,23
כפר סבא,רמלה,3,2026,51
חיפה מרכז,לוד גני אביב,3,2026,5
קרית מוצקין,מודיעין מרכז,3,2026,168
תל אביב מרכז,בנימינה,3,2026,8685
בית יהושע,מרכזית המפרץ/קו החוף,3,2026,255
קרית גת,תא אוניברסיטה,3,2026,525
להבים רהט,לוד,3,2026,284
אשדוד עד הלום,רעננה מערב,3,2026,302
ראשונים,נתניה,3,2026,48
קרית גת,בית שמש,3,2026,22
לוד,"רשל""צ משה דיין",3,2026,141
בני ברק,באר שבע צפון,3,2026,24
מרכזית המפרץ/קו החוף,הוד השרון,3,2026,45
ירושלים/יצחק נבון,לוד,3,2026,544
הוד השרון,דימונה,3,2026,1
תל אביב מרכז,עתלית,3,2026,96
ראש העין צפון,בית שאן,3,2026,21
בית יהושע,באר יעקב,3,2026,133
להבים רהט,חיפה מרכז,3,2026,25
ירושלים/יצחק נבון,חיפה מרכז,3,2026,637
ראש העין צפון,סגולה,3,2026,18
ראשונים,באר יעקב,3,2026,1
נתיבות,נהריה,3,2026,59
באר שבע צפון,בת גלים,3,2026,139
באר יעקב,נהריה,3,2026,56
שדרות,נתניה,3,2026,275
בני ברק,מודיעין מרכז,3,2026,23
"רשל""צ משה דיין",כפר סבא,3,2026,508
אשקלון,עפולה,3,2026,52
רעננה מערב,קרית אריה,3,2026,285
רחובות,שדרות,3,2026,239
אשדוד עד הלום,עתלית,3,2026,9
כרמיאל,"נתב""ג",3,2026,199
לוד,סגולה,3,2026,20
מרכזית המפרץ/קו החוף,קיסריה פרדס חנה,3,2026,257
השלום,באר שבע צפון,3,2026,3775
"נתב""ג",ראשונים,3,2026,3
קרית מלאכי,שדרות,3,2026,2
בית יהושע,נתניה,3,2026,376
יבנה מערב,חוף הכרמל,3,2026,361
"רשל""צ משה דיין",קרית מוצקין,3,2026,180
סגולה,עכו,3,2026,9
סגולה,בת גלים,3,2026,24
בני ברק,כפר סבא,3,2026,405
חיפה מרכז,קרית אריה,3,2026,53
שדרות,באר יעקב,3,2026,48
רעננה מערב,עתלית,3,2026,3
קרית גת,בת ים יוספטל,3,2026,75
אשדוד עד הלום,"רשל""צ משה דיין",3,2026,3059
הרצליה,בני ברק,3,2026,43
עכו,יבנה מזרח,3,2026,6
ראש העין צפון,"רשל""צ משה דיין",3,2026,377
כפר ברוך,בני ברק,3,2026,2
פאתי מודיעין,עכו,3,2026,23
בית שאן,כפר ברוך,3,2026,173
תא אוניברסיטה,בית יהושע,3,2026,1210
השלום,מודיעין מרכז,3,2026,5642
ירושלים/יצחק נבון,קרית גת,3,2026,87
בית שאן,נהריה,3,2026,167
באר שבע צפון,קיסריה פרדס חנה,3,2026,100
מודיעין מרכז,בית שאן,3,2026,89
בית שאן,רעננה מערב,3,2026,7
להבים רהט,יבנה מערב,3,2026,5
השלום,בנימינה,3,2026,8411
קרית מלאכי,קרית אריה,3,2026,36
כפר ברוך,אופקים,3,2026,5
הרצליה,יבנה מערב,3,2026,377
כפר ברוך,נתניה קריית ספיר,3,2026,3
רחובות,בנימינה,3,2026,704
רמלה,מזכרת בתיה,3,2026,125
כרמיאל,הוד השרון,3,2026,19
עפולה,קיסריה פרדס חנה,3,2026,23
שדרות,מרכזית המפרץ/קו החוף,3,2026,150
מזכרת בתיה,יבנה מזרח,3,2026,1
תא אוניברסיטה,בית שמש,3,2026,216
יבנה מערב,בנימינה,3,2026,295
יבנה מערב,קרית מוצקין,3,2026,195
כרמיאל,עפולה,3,2026,41
בת גלים,מרכזית המפרץ/קו החוף,3,2026,1468
באר יעקב,לוד גני אביב,3,2026,47
סגולה,אשקלון,3,2026,140
נהריה,הוד השרון,3,2026,46
עכו,בית שאן,3,2026,92
באר יעקב,סגולה,3,2026,3
כפר ברוך,בנימינה,3,2026,7
בת ים יוספטל,בית יהושע,3,2026,93
חדרה מערב,ראשונים,3,2026,28
נתניה קריית ספיר,בית שמש,3,2026,32
ירושלים/יצחק נבון,קרית מוצקין,3,2026,719
תל אביב מרכז,נתניה קריית ספיר,3,2026,1108
בת גלים,יבנה מזרח,3,2026,14
להבים רהט,רחובות,3,2026,30
בית שאן,בנימינה,3,2026,156
עכו,"רשל""צ משה דיין",3,2026,147
לוד,ירושלים/יצחק נבון,3,2026,679
תא אוניברסיטה,להבים רהט,3,2026,220
ירושלים/יצחק נבון,"נתב""ג",3,2026,11627
עפולה,רחובות,3,2026,42
יבנה מזרח,בית יהושע,3,2026,15
קיסריה פרדס חנה,בית יהושע,3,2026,435
רחובות,נתניה קריית ספיר,3,2026,239
"נתב""ג",ירושלים/יצחק נבון,3,2026,7330
נתניה קריית ספיר,בית שאן,3,2026,10
נתיבות,לוד,3,2026,168
עתלית,ראש העין צפון,3,2026,4
קרית מוצקין,יבנה מערב,3,2026,262
חוף הכרמל,כפר ברוך,3,2026,125
"רשל""צ משה דיין",השלום,3,2026,3662
אופקים,עפולה,3,2026,26
קרית מוצקין,חיפה מרכז,3,2026,954
רמלה,בת גלים,3,2026,61
קרית מלאכי,עתלית,3,2026,1
רעננה מערב,קרית מוצקין,3,2026,56
הרצליה,קיסריה פרדס חנה,3,2026,1315
נתניה קריית ספיר,בית יהושע,3,2026,17
ראשונים,נתיבות,3,2026,5
לוד גני אביב,אשדוד עד הלום,3,2026,49
כרמיאל,יבנה מערב,3,2026,130
קיסריה פרדס חנה,רעננה מערב,3,2026,39
חוף הכרמל,רעננה מערב,3,2026,56
בית יהושע,בת ים יוספטל,3,2026,73
באר שבע מרכז,פאתי מודיעין,3,2026,27
חוף הכרמל,לוד גני אביב,3,2026,13
"נתב""ג",רעננה מערב,3,2026,39
תל אביב מרכז,בני ברק,3,2026,97
כפר סבא,ראש העין צפון,3,2026,334
"רשל""צ משה דיין",עתלית,3,2026,2
לוד,נהריה,3,2026,559
השלום,בני ברק,3,2026,188
באר שבע מרכז,אופקים,3,2026,1381
כפר סבא,קרית מלאכי,3,2026,23
לוד גני אביב,רחובות,3,2026,142
יבנה מערב,שדרות,3,2026,726
הרצליה,חוף הכרמל,3,2026,2689
חדרה מערב,בית שאן,3,2026,35
לוד גני אביב,עפולה,3,2026,1
עכו,נתניה,3,2026,399
רחובות,חדרה מערב,3,2026,825
בית יהושע,רעננה מערב,3,2026,13
חדרה מערב,"רשל""צ משה דיין",3,2026,338
לוד,חוף הכרמל,3,2026,753
רמלה,מרכזית המפרץ/קו החוף,3,2026,253
ראשונים,בית שמש,3,2026,52
בית שמש,ראש העין צפון,3,2026,22
אופקים,כרמיאל,3,2026,95
חוף הכרמל,תא אוניברסיטה,3,2026,2688
יבנה מערב,"רשל""צ משה דיין",3,2026,1667
בנימינה,פאתי מודיעין,3,2026,176
באר שבע צפון,יבנה מזרח,3,2026,4
"נתב""ג",בת ים יוספטל,3,2026,183
עפולה,עכו,3,2026,103
אשדוד עד הלום,קרית מוצקין,3,2026,274
כפר סבא,לוד,3,2026,132
עכו,שדרות,3,2026,58
קרית גת,הרצליה,3,2026,695
מזכרת בתיה,כפר ברוך,3,2026,2
חדרה מערב,בית יהושע,3,2026,505
רחובות,פאתי מודיעין,3,2026,10
השלום,שדרות,3,2026,1637
שדרות,הרצליה,3,2026,155
מזכרת בתיה,רעננה מערב,3,2026,13
ירושלים/יצחק נבון,חוף הכרמל,3,2026,1948
אשקלון,יבנה מזרח,3,2026,290
הרצליה,"נתב""ג",3,2026,886
ראש העין צפון,לוד גני אביב,3,2026,3
חולון וולפסון,רעננה מערב,3,2026,54
בני ברק,לוד,3,2026,55
מזכרת בתיה,שדרות,3,2026,2
להבים רהט,לוד גני אביב,3,2026,2
לוד גני אביב,הוד השרון,3,2026,4
הוד השרון,הרצליה,3,2026,309
בית שמש,באר שבע מרכז,3,2026,200
קרית מוצקין,קרית גת,3,2026,243
נתניה,לוד גני אביב,3,2026,89
יבנה מזרח,בית שמש,3,2026,14
תל אביב מרכז,פאתי מודיעין,3,2026,1009
להבים רהט,כפר סבא,3,2026,35
"נתב""ג",להבים רהט,3,2026,10
מרכזית המפרץ/קו החוף,השלום,3,2026,3755
יבנה מערב,אופקים,3,2026,804
הרצליה,באר שבע צפון,3,2026,1085
אופקים,רחובות,3,2026,202
קרית אריה,באר יעקב,3,2026,14
מזכרת בתיה,קרית מלאכי,3,2026,64
כפר ברוך,עתלית,3,2026,3
מודיעין מרכז,כפר סבא,3,2026,71
ראש העין צפון,אשקלון,3,2026,682
קיסריה פרדס חנה,כפר סבא,3,2026,79
קרית גת,אשקלון,3,2026,6
נתניה קריית ספיר,חוף הכרמל,3,2026,282
ראשונים,מודיעין מרכז,3,2026,3
"נתב""ג",כפר ברוך,3,2026,13
עתלית,הרצליה,3,2026,17
אופקים,"רשל""צ משה דיין",3,2026,1242
ירושלים/יצחק נבון,ראשונים,3,2026,12
עפולה,להבים רהט,3,2026,7
בני ברק,בת ים יוספטל,3,2026,310
קיסריה פרדס חנה,כפר ברוך,3,2026,1
לוד,תל אביב מרכז,3,2026,5878
עפולה,אשדוד עד הלום,3,2026,99
בת ים יוספטל,עכו,3,2026,83
בית שאן,מודיעין מרכז,3,2026,106
בית יהושע,אופקים,3,2026,194
רחובות,מזכרת בתיה,3,2026,1
"רשל""צ משה דיין",בת ים יוספטל,3,2026,474
השלום,בית שמש,3,2026,1652
באר יעקב,אשקלון,3,2026,715
חדרה מערב,חוף הכרמל,3,2026,1095
בת ים יוספטל,"נתב""ג",3,2026,187
עכו,רחובות,3,2026,136
נתניה קריית ספיר,"נתב""ג",3,2026,65
פאתי מודיעין,"רשל""צ משה דיין",3,2026,5
כרמיאל,סגולה,3,2026,17
"נתב""ג",לוד גני אביב,3,2026,3
מרכזית המפרץ/קו החוף,"רשל""צ משה דיין",3,2026,212
בת גלים,מודיעין מרכז,3,2026,252
רמלה,רחובות,3,2026,36
מודיעין מרכז,השלום,3,2026,6100
ראש העין צפון,חולון וולפסון,3,2026,242
רמלה,לוד גני אביב,3,2026,4
יבנה מזרח,כפר סבא,3,2026,1
עכו,קיסריה פרדס חנה,3,2026,88
נתניה,כרמיאל,3,2026,390
בית יהושע,חיפה מרכז,3,2026,122
"נתב""ג",רחובות,3,2026,89
בית שאן,"נתב""ג",3,2026,62
"רשל""צ משה דיין",ירושלים/יצחק נבון,3,2026,433
מודיעין מרכז,לוד,3,2026,39
השלום,קרית מלאכי,3,2026,888
לוד,אופקים,3,2026,200
חיפה מרכז,בת גלים,3,2026,174
תל אביב מרכז,ראש העין צפון,3,2026,2427
אופקים,להבים רהט,3,2026,1
הרצליה,"רשל""צ משה דיין",3,2026,455
עכו,"נתב""ג",3,2026,377
אשקלון,פאתי מודיעין,3,2026,38
חיפה מרכז,נתניה,3,2026,459
בני ברק,ירושלים/יצחק נבון,3,2026,58
לוד גני אביב,בית שאן,3,2026,1
קרית אריה,נתניה קריית ספיר,3,2026,54
נתניה קריית ספיר,תל אביב מרכז,3,2026,788
ראש העין צפון,הוד השרון,3,2026,146
קרית מלאכי,קיסריה פרדס חנה,3,2026,28
"נתב""ג",שדרות,3,2026,35
תא אוניברסיטה,לוד גני אביב,3,2026,173
עכו,עתלית,3,2026,9
שדרות,רחובות,3,2026,204
השלום,בית יהושע,3,2026,6006
בת גלים,בנימינה,3,2026,2313
הרצליה,להבים רהט,3,2026,206
דימונה,רמלה,3,2026,3
שדרות,כפר ברוך,3,2026,2
רמלה,כפר ברוך,3,2026,1
בית יהושע,קרית גת,3,2026,187
בית שמש,בני ברק,3,2026,6
חיפה מרכז,מרכזית המפרץ/קו החוף,3,2026,240
בית שאן,תל אביב מרכז,3,2026,363
אשדוד עד הלום,קרית מלאכי,3,2026,7
הוד השרון,עתלית,3,2026,2
אופקים,נתניה,3,2026,457
באר יעקב,הרצליה,3,2026,371
עפולה,ירושלים/יצחק נבון,3,2026,77
רעננה מערב,קרית מלאכי,3,2026,16
חולון וולפסון,קרית מלאכי,3,2026,8
רמלה,כרמיאל,3,2026,53
להבים רהט,יבנה מזרח,3,2026,2
שדרות,לוד גני אביב,3,2026,3
יבנה מערב,ירושלים/יצחק נבון,3,2026,404
באר שבע מרכז,באר יעקב,3,2026,156
אופקים,ירושלים/יצחק נבון,3,2026,280
קרית אריה,בנימינה,3,2026,245
מזכרת בתיה,קיסריה פרדס חנה,3,2026,22
בת ים יוספטל,תל אביב מרכז,3,2026,2426
אופקים,קרית מוצקין,3,2026,142
נהריה,לוד,3,2026,744
להבים רהט,הרצליה,3,2026,191
בית שמש,אשדוד עד הלום,3,2026,129
חדרה מערב,"נתב""ג",3,2026,435
קרית מוצקין,בית שאן,3,2026,69
בת גלים,נתניה קריית ספיר,3,2026,105
להבים רהט,תא אוניברסיטה,3,2026,232
קרית מוצקין,נהריה,3,2026,3547
פאתי מודיעין,ירושלים/יצחק נבון,3,2026,608
"רשל""צ משה דיין",הרצליה,3,2026,449
עכו,תא אוניברסיטה,3,2026,546
אשקלון,השלום,3,2026,8407
השלום,תל אביב מרכז,3,2026,1232
באר שבע מרכז,חיפה מרכז,3,2026,593
הרצליה,אופקים,3,2026,240
בת גלים,באר שבע מרכז,3,2026,424
בת גלים,בית שאן,3,2026,515
אופקים,אשקלון,3,2026,1598
קרית גת,להבים רהט,3,2026,139
"רשל""צ משה דיין",כרמיאל,3,2026,72
קרית גת,נתניה,3,2026,460
נהריה,קיסריה פרדס חנה,3,2026,207
חיפה מרכז,בית שאן,3,2026,334
אשקלון,ראש העין צפון,3,2026,566
מזכרת בתיה,תא אוניברסיטה,3,2026,256
באר שבע צפון,אשקלון,3,2026,764
הרצליה,קרית גת,3,2026,827
אופקים,קרית מלאכי,3,2026,13
סגולה,מזכרת בתיה,3,2026,4
להבים רהט,בנימינה,3,2026,77
דימונה,בנימינה,3,2026,1
בנימינה,קרית מוצקין,3,2026,686
חולון וולפסון,"רשל""צ משה דיין",3,2026,188
באר שבע מרכז,יבנה מערב,3,2026,683
ראש העין צפון,להבים רהט,3,2026,25
עפולה,תל אביב מרכז,3,2026,340
מרכזית המפרץ/קו החוף,רמלה,3,2026,206
לוד גני אביב,ראש העין צפון,3,2026,2
בת ים יוספטל,ירושלים/יצחק נבון,3,2026,483
"נתב""ג",הרצליה,3,2026,916
באר יעקב,בנימינה,3,2026,203
להבים רהט,נתניה קריית ספיר,3,2026,15
חדרה מערב,נתניה,3,2026,2181
בנימינה,נהריה,3,2026,999
דימונה,שדרות,3,2026,2
לוד גני אביב,השלום,3,2026,1078
נתניה קריית ספיר,מזכרת בתיה,3,2026,22
קיסריה פרדס חנה,באר שבע מרכז,3,2026,389
בנימינה,לוד,3,2026,763
סגולה,בת ים יוספטל,3,2026,83
עפולה,"נתב""ג",3,2026,77
ירושלים/יצחק נבון,כרמיאל,3,2026,483
נתניה,יבנה מזרח,3,2026,92
בית שאן,באר שבע צפון,3,2026,42
קרית אריה,תא אוניברסיטה,3,2026,767
אופקים,תל אביב מרכז,3,2026,1261
ירושלים/יצחק נבון,רחובות,3,2026,225
כרמיאל,רחובות,3,2026,122
רמלה,ראש העין צפון,3,2026,43
כפר ברוך,חיפה מרכז,3,2026,59
בית יהושע,להבים רהט,3,2026,41
קרית גת,באר שבע מרכז,3,2026,3494
שדרות,תא אוניברסיטה,3,2026,444
באר שבע מרכז,קרית גת,3,2026,3654
ראשונים,להבים רהט,3,2026,14
קיסריה פרדס חנה,יבנה מזרח,3,2026,23
רמלה,הוד השרון,3,2026,26
ירושלים/יצחק נבון,עתלית,3,2026,28
עפולה,אשקלון,3,2026,75
חולון וולפסון,להבים רהט,3,2026,3
בית שמש,בת ים יוספטל,3,2026,21
ירושלים/יצחק נבון,חדרה מערב,3,2026,1523
חוף הכרמל,שדרות,3,2026,154
מודיעין מרכז,באר יעקב,3,2026,16
תל אביב מרכז,חוף הכרמל,3,2026,8003
נתניה קריית ספיר,בת ים יוספטל,3,2026,63
השלום,לוד,3,2026,8635
בית שאן,"רשל""צ משה דיין",3,2026,35
רחובות,חוף הכרמל,3,2026,589
בית שמש,השלום,3,2026,2006
בית שמש,מזכרת בתיה,3,2026,16
חדרה מערב,באר שבע מרכז,3,2026,1513
ירושלים/יצחק נבון,נתניה קריית ספיר,3,2026,452
חדרה מערב,בת ים יוספטל,3,2026,192
חולון וולפסון,שדרות,3,2026,183
קיסריה פרדס חנה,בית שאן,3,2026,8
פאתי מודיעין,קיסריה פרדס חנה,3,2026,25
בת ים יוספטל,להבים רהט,3,2026,8
בנימינה,באר שבע צפון,3,2026,502
רחובות,נהריה,3,2026,241
בית יהושע,"רשל""צ משה דיין",3,2026,235
אופקים,"נתב""ג",3,2026,48
קרית מוצקין,נתניה קריית ספיר,3,2026,86
"רשל""צ משה דיין",פאתי מודיעין,3,2026,13
השלום,קרית גת,3,2026,3923
נתיבות,שדרות,3,2026,560
ראשונים,בית יהושע,3,2026,26
אשקלון,נתיבות,3,2026,1071
לוד,כפר ברוך,3,2026,4
חוף הכרמל,ירושלים/יצחק נבון,3,2026,1915
באר שבע צפון,עכו,3,2026,150
עכו,ראשונים,3,2026,9
השלום,חיפה מרכז,3,2026,2194
נהריה,באר יעקב,3,2026,59
בני ברק,כרמיאל,3,2026,7
השלום,יבנה מערב,3,2026,4341
באר שבע מרכז,לוד,3,2026,4933
אשדוד עד הלום,ראשונים,3,2026,14
קיסריה פרדס חנה,סגולה,3,2026,22
עכו,נתיבות,3,2026,30
יבנה מזרח,הרצליה,3,2026,128
אשדוד עד הלום,אשקלון,3,2026,8428
להבים רהט,נתניה,3,2026,103
עכו,תל אביב מרכז,3,2026,1802
תא אוניברסיטה,אופקים,3,2026,463
ירושלים/יצחק נבון,מרכזית המפרץ/קו החוף,3,2026,784
כפר סבא,ירושלים/יצחק נבון,3,2026,747
בית יהושע,בני ברק,3,2026,33
רחובות,עכו,3,2026,154
קרית גת,פאתי מודיעין,3,2026,8
תא אוניברסיטה,אשדוד עד הלום,3,2026,1560
חיפה מרכז,הוד השרון,3,2026,41
תא אוניברסיטה,כרמיאל,3,2026,597
השלום,הרצליה,3,2026,7534
בית שאן,אשקלון,3,2026,58
באר יעקב,בת ים יוספטל,3,2026,18
בני ברק,תא אוניברסיטה,3,2026,24
חדרה מערב,בנימינה,3,2026,811
סגולה,שדרות,3,2026,68
קרית גת,בני ברק,3,2026,15
באר שבע צפון,לוד גני אביב,3,2026,3
פאתי מודיעין,לוד גני אביב,3,2026,6
אשקלון,שדרות,3,2026,971
אשקלון,נהריה,3,2026,290
קיסריה פרדס חנה,יבנה מערב,3,2026,161
מרכזית המפרץ/קו החוף,קרית אריה,3,2026,116
בית יהושע,לוד,3,2026,569
קרית אריה,כפר סבא,3,2026,546
רעננה מערב,השלום,3,2026,1142
הרצליה,ראשונים,3,2026,27
לוד,דימונה,3,2026,4
תל אביב מרכז,באר שבע מרכז,3,2026,6396
מודיעין מרכז,רחובות,3,2026,31
רעננה מערב,עפולה,3,2026,2
פאתי מודיעין,קרית אריה,3,2026,5
חיפה מרכז,קיסריה פרדס חנה,3,2026,280
כפר ברוך,בית יהושע,3,2026,5
חיפה מרכז,"נתב""ג",3,2026,383
שדרות,לוד,3,2026,138
תא אוניברסיטה,קרית מוצקין,3,2026,842
באר שבע צפון,רעננה מערב,3,2026,58
חדרה מערב,מודיעין מרכז,3,2026,216
קרית גת,אופקים,3,2026,35
נתניה,דימונה,3,2026,1
בני ברק,הרצליה,3,2026,66
אשדוד עד הלום,השלום,3,2026,9597
בית יהושע,חולון וולפסון,3,2026,49
שדרות,בני ברק,3,2026,55
חיפה מרכז,עפולה,3,2026,918
כפר סבא,קרית אריה,3,2026,615
קרית אריה,מודיעין מרכז,3,2026,26
יבנה מערב,הרצליה,3,2026,345
חדרה מערב,באר שבע צפון,3,2026,300
קרית מלאכי,עפולה,3,2026,17
מזכרת בתיה,תל אביב מרכז,3,2026,767
"נתב""ג",יבנה מערב,3,2026,41
אשדוד עד הלום,עפולה,3,2026,62
קרית גת,כרמיאל,3,2026,116
להבים רהט,ראשונים,3,2026,20
בית שאן,הוד השרון,3,2026,9
להבים רהט,באר שבע מרכז,3,2026,395
כרמיאל,לוד גני אביב,3,2026,5
תא אוניברסיטה,נתניה קריית ספיר,3,2026,276
נהריה,בנימינה,3,2026,963
סגולה,קרית אריה,3,2026,14
שדרות,יבנה מערב,3,2026,680
מזכרת בתיה,הוד השרון,3,2026,28
הוד השרון,סגולה,3,2026,11
"נתב""ג",לוד,3,2026,108
רעננה מערב,עכו,3,2026,30
ירושלים/יצחק נבון,נתניה,3,2026,3467
תל אביב מרכז,קרית מלאכי,3,2026,554
"רשל""צ משה דיין",תא אוניברסיטה,3,2026,718
מודיעין מרכז,כרמיאל,3,2026,148
כרמיאל,רעננה מערב,3,2026,29
אשדוד עד הלום,עכו,3,2026,143
בית שאן,עפולה,3,2026,628
רמלה,חוף הכרמל,3,2026,199
ראשונים,חיפה מרכז,3,2026,12
קרית גת,באר שבע צפון,3,2026,1101
יבנה מערב,מזכרת בתיה,3,2026,2
בית שאן,עכו,3,2026,70
קרית גת,מודיעין מרכז,3,2026,31
יבנה מזרח,בנימינה,3,2026,45
כפר סבא,"רשל""צ משה דיין",3,2026,475
באר יעקב,מזכרת בתיה,3,2026,4
נתניה קריית ספיר,חיפה מרכז,3,2026,41
בת גלים,חיפה מרכז,3,2026,165
באר שבע מרכז,קרית מלאכי,3,2026,939
יבנה מזרח,קרית גת,3,2026,1
הוד השרון,בית שאן,3,2026,6
לוד גני אביב,ראשונים,3,2026,14
חדרה מערב,קרית מוצקין,3,2026,408
נתניה קריית ספיר,בנימינה,3,2026,462
בית שמש,נהריה,3,2026,78
יבנה מזרח,חיפה מרכז,3,2026,8
קרית מלאכי,הוד השרון,3,2026,31
מודיעין מרכז,אופקים,3,2026,71
לוד,קרית מלאכי,3,2026,277
קרית אריה,תל אביב מרכז,3,2026,892
מודיעין מרכז,חדרה מערב,3,2026,205
קרית גת,רחובות,3,2026,109
הוד השרון,"רשל""צ משה דיין",3,2026,284
יבנה מזרח,נתניה קריית ספיר,3,2026,39
רמלה,שדרות,3,2026,14
בית יהושע,תל אביב מרכז,3,2026,5366
קרית מוצקין,באר יעקב,3,2026,36
תא אוניברסיטה,יבנה מערב,3,2026,744
בית יהושע,הוד השרון,3,2026,7
בית יהושע,קרית מוצקין,3,2026,134
לוד,רמלה,3,2026,98
"רשל""צ משה דיין",עכו,3,2026,121
חוף הכרמל,עפולה,3,2026,1094
נתניה קריית ספיר,כרמיאל,3,2026,43
חוף הכרמל,רחובות,3,2026,524
תל אביב מרכז,בת ים יוספטל,3,2026,3185
ירושלים/יצחק נבון,להבים רהט,3,2026,58
אופקים,כפר ברוך,3,2026,5
לוד,מודיעין מרכז,3,2026,58
נתניה קריית ספיר,מודיעין מרכז,3,2026,90
השלום,מרכזית המפרץ/קו החוף,3,2026,2877
כרמיאל,מרכזית המפרץ/קו החוף,3,2026,4663
עפולה,כפר ברוך,3,2026,34
הרצליה,קרית אריה,3,2026,280
חולון וולפסון,כרמיאל,3,2026,52
חוף הכרמל,כרמיאל,3,2026,1807
דימונה,באר שבע מרכז,3,2026,3
בת ים יוספטל,פאתי מודיעין,3,2026,22
בית יהושע,"נתב""ג",3,2026,277
נתניה,באר שבע צפון,3,2026,448
השלום,אשקלון,3,2026,7673
בנימינה,עכו,3,2026,364
נהריה,בני ברק,3,2026,17
רמלה,נהריה,3,2026,214
עפולה,נהריה,3,2026,218
בת ים יוספטל,בת גלים,3,2026,140
חולון וולפסון,בני ברק,3,2026,151
קיסריה פרדס חנה,חדרה מערב,3,2026,449
בת גלים,כפר סבא,3,2026,98
בית יהושע,אשדוד עד הלום,3,2026,453
נתניה קריית ספיר,אופקים,3,2026,27
יבנה מערב,בת גלים,3,2026,123
"רשל""צ משה דיין",מרכזית המפרץ/קו החוף,3,2026,188
נתיבות,באר שבע מרכז,3,2026,1537
"נתב""ג",פאתי מודיעין,3,2026,126
כרמיאל,שדרות,3,2026,89
באר שבע מרכז,בית יהושע,3,2026,1155
נתניה,רחובות,3,2026,1354
בני ברק,בית שאן,3,2026,7
נתניה קריית ספיר,נהריה,3,2026,62
מזכרת בתיה,אשקלון,3,2026,3
נהריה,פאתי מודיעין,3,2026,29
רעננה מערב,הוד השרון,3,2026,97
יבנה מערב,מרכזית המפרץ/קו החוף,3,2026,301
קיסריה פרדס חנה,אשדוד עד הלום,3,2026,202
בת ים יוספטל,נתניה קריית ספיר,3,2026,60
לוד,"נתב""ג",3,2026,83
חולון וולפסון,עפולה,3,2026,12
יבנה מערב,נתניה,3,2026,456
באר יעקב,קרית מלאכי,3,2026,18
מזכרת בתיה,אשדוד עד הלום,3,2026,4
"נתב""ג",קרית מוצקין,3,2026,509
כפר סבא,באר שבע מרכז,3,2026,653
לוד גני אביב,בת ים יוספטל,3,2026,27
באר שבע מרכז,עכו,3,2026,759
ראש העין צפון,כפר סבא,3,2026,409
רחובות,בת ים יוספטל,3,2026,67
הוד השרון,קרית מוצקין,3,2026,21
חולון וולפסון,קיסריה פרדס חנה,3,2026,56
ראש העין צפון,מזכרת בתיה,3,2026,31
עכו,חיפה מרכז,3,2026,1337
עפולה,סגולה,3,2026,7
עפולה,בית שאן,3,2026,564
עכו,קרית גת,3,2026,183
בת ים יוספטל,מודיעין מרכז,3,2026,73
קרית אריה,כפר ברוך,3,2026,1
לוד,נתניה קריית ספיר,3,2026,161
רמלה,חיפה מרכז,3,2026,96
באר יעקב,באר שבע מרכז,3,2026,159
יבנה מזרח,רעננה מערב,3,2026,8
חוף הכרמל,בני ברק,3,2026,58
רמלה,סגולה,3,2026,4
קרית מוצקין,"רשל""צ משה דיין",3,2026,182
קרית אריה,חולון וולפסון,3,2026,208
מרכזית המפרץ/קו החוף,קרית גת,3,2026,623
מרכזית המפרץ/קו החוף,ראשונים,3,2026,21
להבים רהט,נתיבות,3,2026,2
בת גלים,תל אביב מרכז,3,2026,2660
אופקים,לוד גני אביב,3,2026,2
אשדוד עד הלום,הרצליה,3,2026,980
רחובות,בית יהושע,3,2026,605
כפר סבא,יבנה מזרח,3,2026,2
בנימינה,נתיבות,3,2026,110
נתניה,אופקים,3,2026,389
קרית אריה,לוד,3,2026,120
שדרות,קרית מוצקין,3,2026,83
"נתב""ג",רמלה,3,2026,17
להבים רהט,מזכרת בתיה,3,2026,110
לוד גני אביב,תא אוניברסיטה,3,2026,138
רמלה,"רשל""צ משה דיין",3,2026,33
כרמיאל,עתלית,3,2026,3
באר יעקב,ראש העין צפון,3,2026,33
עכו,יבנה מערב,3,2026,75
חוף הכרמל,קיסריה פרדס חנה,3,2026,599
יבנה מזרח,"נתב""ג",3,2026,9
בית יהושע,בת גלים,3,2026,424
יבנה מערב,רחובות,3,2026,11
בני ברק,מזכרת בתיה,3,2026,3
כפר ברוך,בת ים יוספטל,3,2026,2
עכו,הוד השרון,3,2026,25
ירושלים/יצחק נבון,קיסריה פרדס חנה,3,2026,686
נתיבות,ראשונים,3,2026,5
כרמיאל,נתניה,3,2026,429
אשדוד עד הלום,קרית גת,3,2026,26
לוד,בית יהושע,3,2026,454
חוף הכרמל,קרית מוצקין,3,2026,1047
מרכזית המפרץ/קו החוף,באר יעקב,3,2026,60
לוד,מרכזית המפרץ/קו החוף,3,2026,668
אשקלון,נתניה,3,2026,1367
להבים רהט,שדרות,3,2026,1
כפר ברוך,באר שבע צפון,3,2026,10
עתלית,שדרות,3,2026,1
אשקלון,קרית גת,3,2026,9
אשקלון,הוד השרון,3,2026,196
סגולה,הוד השרון,3,2026,11
רמלה,חולון וולפסון,3,2026,19
באר יעקב,בית שמש,3,2026,60
באר שבע צפון,"נתב""ג",3,2026,92
קרית מלאכי,קרית גת,3,2026,142
נתיבות,בית יהושע,3,2026,56
יבנה מזרח,עכו,3,2026,7
ראש העין צפון,חדרה מערב,3,2026,148
מזכרת בתיה,חיפה מרכז,3,2026,37
תל אביב מרכז,סגולה,3,2026,299
קרית מוצקין,שדרות,3,2026,94
בית יהושע,לוד גני אביב,3,2026,14
ראשונים,בת גלים,3,2026,7
אשקלון,כפר סבא,3,2026,581
קרית אריה,ראש העין צפון,3,2026,340
חוף הכרמל,יבנה מערב,3,2026,415
רעננה מערב,רמלה,3,2026,29
מרכזית המפרץ/קו החוף,יבנה מזרח,3,2026,21
בית שאן,ירושלים/יצחק נבון,3,2026,37
לוד גני אביב,מזכרת בתיה,3,2026,3
ראש העין צפון,בנימינה,3,2026,203
רחובות,בית שאן,3,2026,39
חולון וולפסון,נתניה,3,2026,196
קרית מלאכי,כפר סבא,3,2026,40
כרמיאל,קרית גת,3,2026,165
לוד,חדרה מערב,3,2026,800
בת גלים,הוד השרון,3,2026,72
נתניה,נתיבות,3,2026,197
ראשונים,שדרות,3,2026,2
חולון וולפסון,קרית גת,3,2026,25
"רשל""צ משה דיין",קרית מלאכי,3,2026,7
אופקים,חוף הכרמל,3,2026,246
בת גלים,קרית אריה,3,2026,94
באר יעקב,להבים רהט,3,2026,11
יבנה מערב,בית שמש,3,2026,28
כרמיאל,כפר ברוך,3,2026,1
בית שמש,ראשונים,3,2026,27
נתניה קריית ספיר,כפר סבא,3,2026,27
רעננה מערב,חיפה מרכז,3,2026,22
קיסריה פרדס חנה,חוף הכרמל,3,2026,619
רחובות,תל אביב מרכז,3,2026,4023
נתניה קריית ספיר,כפר ברוך,3,2026,2
באר שבע מרכז,השלום,3,2026,7491
השלום,רעננה מערב,3,2026,1158
שדרות,קרית אריה,3,2026,192
קיסריה פרדס חנה,נהריה,3,2026,187
בני ברק,"נתב""ג",3,2026,10
חיפה מרכז,תל אביב מרכז,3,2026,2464
כרמיאל,לוד,3,2026,259
רעננה מערב,יבנה מערב,3,2026,229
כפר ברוך,קרית מוצקין,3,2026,6
עתלית,קרית מלאכי,3,2026,3
באר יעקב,מרכזית המפרץ/קו החוף,3,2026,85
הוד השרון,אופקים,3,2026,103
באר שבע מרכז,"רשל""צ משה דיין",3,2026,1363
"רשל""צ משה דיין",שדרות,3,2026,662
אשדוד עד הלום,באר שבע מרכז,3,2026,2124
בנימינה,השלום,3,2026,8957
רמלה,קרית מוצקין,3,2026,149
כפר סבא,באר שבע צפון,3,2026,171
רמלה,בת ים יוספטל,3,2026,28
ראש העין צפון,בית יהושע,3,2026,58
בית שאן,באר שבע מרכז,3,2026,125
ראש העין צפון,נתניה קריית ספיר,3,2026,23
לוד גני אביב,חיפה מרכז,3,2026,5
תא אוניברסיטה,"רשל""צ משה דיין",3,2026,865
מודיעין מרכז,עכו,3,2026,100
כרמיאל,בת גלים,3,2026,4879
בת ים יוספטל,יבנה מערב,3,2026,2581
קרית גת,"רשל""צ משה דיין",3,2026,80
קרית מלאכי,בת גלים,3,2026,75
בני ברק,בנימינה,3,2026,67
עפולה,כרמיאל,3,2026,41
בית שאן,חיפה מרכז,3,2026,370
קרית אריה,הוד השרון,3,2026,175
סגולה,כפר סבא,3,2026,38
"נתב""ג",נהריה,3,2026,470
אשקלון,לוד,3,2026,2807
אשקלון,באר שבע מרכז,3,2026,1456
כפר סבא,שדרות,3,2026,228
כרמיאל,להבים רהט,3,2026,17
השלום,ירושלים/יצחק נבון,3,2026,22897
בית שאן,רמלה,3,2026,11
קרית מוצקין,נתניה,3,2026,733
מזכרת בתיה,עפולה,3,2026,18
תל אביב מרכז,בית שמש,3,2026,1193
נהריה,אשדוד עד הלום,3,2026,420
נהריה,חדרה מערב,3,2026,377
יבנה מערב,עכו,3,2026,86
יבנה מזרח,חדרה מערב,3,2026,50
מזכרת בתיה,בני ברק,3,2026,1
נתניה קריית ספיר,רמלה,3,2026,8
בני ברק,סגולה,3,2026,85
רמלה,קרית גת,3,2026,718
עתלית,סגולה,3,2026,3
בת ים יוספטל,אופקים,3,2026,500
ירושלים/יצחק נבון,יבנה מזרח,3,2026,25
עתלית,באר שבע מרכז,3,2026,7
השלום,עפולה,3,2026,343
חיפה מרכז,דימונה,3,2026,1
קרית מוצקין,עתלית,3,2026,11
בית שמש,לוד,3,2026,1152
בת ים יוספטל,חדרה מערב,3,2026,204
באר שבע צפון,בנימינה,3,2026,488
יבנה מזרח,מודיעין מרכז,3,2026,3
חדרה מערב,אופקים,3,2026,226
חיפה מרכז,עכו,3,2026,1292
נתיבות,יבנה מזרח,3,2026,2
יבנה מזרח,אשדוד עד הלום,3,2026,231
באר שבע מרכז,נתיבות,3,2026,1633
ראש העין צפון,קיסריה פרדס חנה,3,2026,64
"נתב""ג",מודיעין מרכז,3,2026,896
"רשל""צ משה דיין",בית שאן,3,2026,21
פאתי מודיעין,עתלית,3,2026,3
ראשונים,כפר סבא,3,2026,8
באר יעקב,השלום,3,2026,2923
מזכרת בתיה,כרמיאל,3,2026,23
אופקים,קרית אריה,3,2026,279
לוד גני אביב,מרכזית המפרץ/קו החוף,3,2026,8
חדרה מערב,עתלית,3,2026,8
להבים רהט,קרית אריה,3,2026,23
תל אביב מרכז,הוד השרון,3,2026,824
קיסריה פרדס חנה,נתניה קריית ספיר,3,2026,369
נתיבות,ראש העין צפון,3,2026,111
באר שבע מרכז,בית שמש,3,2026,190
נתניה,קיסריה פרדס חנה,3,2026,1535
נתניה קריית ספיר,חדרה מערב,3,2026,985
אופקים,בית שאן,3,2026,30
"רשל""צ משה דיין",סגולה,3,2026,97
תל אביב מרכז,בית יהושע,3,2026,5423
קיסריה פרדס חנה,קרית מוצקין,3,2026,270
מודיעין מרכז,בנימינה,3,2026,609
עפולה,שדרות,3,2026,27
קיסריה פרדס חנה,רמלה,3,2026,16
בני ברק,מרכזית המפרץ/קו החוף,3,2026,25
נהריה,נתניה קריית ספיר,3,2026,64
עכו,אשקלון,3,2026,143
יבנה מערב,עפולה,3,2026,36
קרית אריה,שדרות,3,2026,380
לוד גני אביב,רעננה מערב,3,2026,5
רעננה מערב,הרצליה,3,2026,162
לוד גני אביב,שדרות,3,2026,5
אופקים,נתיבות,3,2026,838
חוף הכרמל,חולון וולפסון,3,2026,127
חולון וולפסון,רחובות,3,2026,44
חוף הכרמל,אשדוד עד הלום,3,2026,766
קיסריה פרדס חנה,מודיעין מרכז,3,2026,53
רחובות,תא אוניברסיטה,3,2026,1707
נתניה,רמלה,3,2026,239
בת גלים,"נתב""ג",3,2026,262
עפולה,מרכזית המפרץ/קו החוף,3,2026,2910
רמלה,יבנה מערב,3,2026,21
סגולה,להבים רהט,3,2026,5
שדרות,רמלה,3,2026,15
כפר ברוך,להבים רהט,3,2026,1
תא אוניברסיטה,קרית גת,3,2026,595
בית שמש,סגולה,3,2026,2
שדרות,הוד השרון,3,2026,50
בנימינה,בית יהושע,3,2026,594
בת גלים,חוף הכרמל,3,2026,826
קרית אריה,בני ברק,3,2026,171
נהריה,חולון וולפסון,3,2026,58
קיסריה פרדס חנה,פאתי מודיעין,3,2026,20
בית יהושע,קיסריה פרדס חנה,3,2026,394
ראש העין צפון,רחובות,3,2026,104
ראשונים,חדרה מערב,3,2026,27
מזכרת בתיה,חולון וולפסון,3,2026,2
מרכזית המפרץ/קו החוף,עתלית,3,2026,34
"נתב""ג",אשדוד עד הלום,3,2026,399
תא אוניברסיטה,חיפה מרכז,3,2026,713
יבנה מזרח,חולון וולפסון,3,2026,4
הרצליה,נתיבות,3,2026,127
חוף הכרמל,הוד השרון,3,2026,96
אופקים,שדרות,3,2026,605
רמלה,בית שאן,3,2026,5
אופקים,נהריה,3,2026,157
יבנה מערב,נתיבות,3,2026,513
רחובות,בית שמש,3,2026,147
רחובות,הוד השרון,3,2026,85
בנימינה,בית שאן,3,2026,130
נתניה קריית ספיר,קרית אריה,3,2026,48
"נתב""ג",הוד השרון,3,2026,45
תא אוניברסיטה,עתלית,3,2026,35
בנימינה,בת גלים,3,2026,2266
קרית אריה,רחובות,3,2026,83
אשדוד עד הלום,מזכרת בתיה,3,2026,5
חוף הכרמל,קרית אריה,3,2026,197
עפולה,בת גלים,3,2026,1675
קיסריה פרדס חנה,"נתב""ג",3,2026,79
עפולה,חולון וולפסון,3,2026,13
תל אביב מרכז,באר שבע צפון,3,2026,2909
להבים רהט,קרית מוצקין,3,2026,25
באר שבע מרכז,רעננה מערב,3,2026,198
חדרה מערב,עפולה,3,2026,12
"רשל""צ משה דיין",יבנה מערב,3,2026,1347
מרכזית המפרץ/קו החוף,בני ברק,3,2026,19
עתלית,חיפה מרכז,3,2026,13
קרית מוצקין,לוד,3,2026,671
תא אוניברסיטה,השלום,3,2026,1730
יבנה מערב,אשקלון,3,2026,2839
נתניה,בת ים יוספטל,3,2026,419
חולון וולפסון,אופקים,3,2026,205
כרמיאל,בנימינה,3,2026,313
קרית אריה,חיפה מרכז,3,2026,63
קרית מוצקין,ראש העין צפון,3,2026,99
באר שבע מרכז,כרמיאל,3,2026,627
נתניה קריית ספיר,אשדוד עד הלום,3,2026,141
הוד השרון,כפר סבא,3,2026,26
תל אביב מרכז,נהריה,3,2026,3085
חדרה מערב,כפר ברוך,3,2026,3
נתניה,פאתי מודיעין,3,2026,87
סגולה,בנימינה,3,2026,40
כפר סבא,חיפה מרכז,3,2026,47
רחובות,קיסריה פרדס חנה,3,2026,459
כרמיאל,השלום,3,2026,1320
חוף הכרמל,פאתי מודיעין,3,2026,101
באר שבע מרכז,רמלה,3,2026,1702
תא אוניברסיטה,תל אביב מרכז,3,2026,1016
שדרות,"נתב""ג",3,2026,60
הרצליה,בית יהושע,3,2026,982
עכו,ראש העין צפון,3,2026,101
הרצליה,אשדוד עד הלום,3,2026,1073
אשדוד עד הלום,תל אביב מרכז,3,2026,5188
חוף הכרמל,נהריה,3,2026,2558
להבים רהט,ירושלים/יצחק נבון,3,2026,52
יבנה מזרח,קיסריה פרדס חנה,3,2026,30
נהריה,עפולה,3,2026,219
אופקים,בית יהושע,3,2026,220
ירושלים/יצחק נבון,כפר סבא,3,2026,743
חוף הכרמל,באר שבע צפון,3,2026,619
בני ברק,חולון וולפסון,3,2026,111
קרית גת,בנימינה,3,2026,335
ראש העין צפון,חוף הכרמל,3,2026,253
בנימינה,תא אוניברסיטה,3,2026,3332
ראשונים,רעננה מערב,3,2026,3
נתניה,בית שמש,3,2026,409
נהריה,כרמיאל,3,2026,163
תא אוניברסיטה,בנימינה,3,2026,3051
רעננה מערב,באר שבע צפון,3,2026,56
לוד גני אביב,בית שמש,3,2026,4
הוד השרון,חוף הכרמל,3,2026,110
עכו,לוד,3,2026,359
רחובות,קרית אריה,3,2026,77
נהריה,כפר ברוך,3,2026,14
בית שאן,הרצליה,3,2026,79
ראשונים,ירושלים/יצחק נבון,3,2026,13
קרית אריה,בית שאן,3,2026,18
באר שבע מרכז,כפר ברוך,3,2026,22
נתניה קריית ספיר,נתיבות,3,2026,29
יבנה מערב,אשדוד עד הלום,3,2026,2067
"נתב""ג",תל אביב מרכז,3,2026,2147
שדרות,נתיבות,3,2026,533
כפר ברוך,הרצליה,3,2026,15
בת ים יוספטל,קיסריה פרדס חנה,3,2026,71
השלום,עתלית,3,2026,111
הוד השרון,יבנה מזרח,3,2026,1
תל אביב מרכז,קיסריה פרדס חנה,3,2026,3536
רעננה מערב,קיסריה פרדס חנה,3,2026,29
השלום,בת גלים,3,2026,2599
חוף הכרמל,בית שמש,3,2026,71
חולון וולפסון,בית יהושע,3,2026,64
קרית מוצקין,באר שבע מרכז,3,2026,1536
בית יהושע,הרצליה,3,2026,1083
מזכרת בתיה,עתלית,3,2026,2
נתיבות,באר יעקב,3,2026,23
חולון וולפסון,בית שאן,3,2026,9
בית שמש,קרית גת,3,2026,33
נתניה,רעננה מערב,3,2026,148
השלום,"רשל""צ משה דיין",3,2026,3872
יבנה מזרח,נהריה,3,2026,18
קרית מלאכי,בנימינה,3,2026,115
אופקים,מודיעין מרכז,3,2026,99
אופקים,נתניה קריית ספיר,3,2026,45
נתניה,תא אוניברסיטה,3,2026,2225
בנימינה,עפולה,3,2026,95
יבנה מזרח,באר שבע צפון,3,2026,1
"רשל""צ משה דיין",בני ברק,3,2026,291
לוד גני אביב,ירושלים/יצחק נבון,3,2026,56
אשקלון,אשדוד עד הלום,3,2026,9330
בת גלים,אשדוד עד הלום,3,2026,331
כפר ברוך,קרית אריה,3,2026,3
השלום,באר שבע מרכז,3,2026,6419
הרצליה,ירושלים/יצחק נבון,3,2026,7060
קרית מוצקין,בית יהושע,3,2026,165
מודיעין מרכז,"נתב""ג",3,2026,882
חולון וולפסון,ראש העין צפון,3,2026,233
קרית גת,לוד,3,2026,1728
ירושלים/יצחק נבון,קרית מלאכי,3,2026,9
בית שמש,"רשל""צ משה דיין",3,2026,56
כפר סבא,רעננה מערב,3,2026,73
ראשונים,רחובות,3,2026,13
נתיבות,עפולה,3,2026,5
עכו,אשדוד עד הלום,3,2026,176
לוד,עפולה,3,2026,73
עכו,באר שבע צפון,3,2026,170
תא אוניברסיטה,שדרות,3,2026,443
"רשל""צ משה דיין",להבים רהט,3,2026,25
אשדוד עד הלום,הוד השרון,3,2026,180
רעננה מערב,בת ים יוספטל,3,2026,145
חיפה מרכז,רמלה,3,2026,101
נתניה,תל אביב מרכז,3,2026,9444
חולון וולפסון,הוד השרון,3,2026,69
רמלה,ירושלים/יצחק נבון,3,2026,44
בית שמש,בנימינה,3,2026,112
נתניה קריית ספיר,לוד,3,2026,170
שדרות,חולון וולפסון,3,2026,200
בית יהושע,רחובות,3,2026,604
בית שמש,שדרות,3,2026,12
באר שבע צפון,עתלית,3,2026,1
פאתי מודיעין,חוף הכרמל,3,2026,112
באר שבע מרכז,בת גלים,3,2026,464
באר שבע צפון,חוף הכרמל,3,2026,651
הוד השרון,רעננה מערב,3,2026,106
השלום,בת ים יוספטל,3,2026,3281
מרכזית המפרץ/קו החוף,חוף הכרמל,3,2026,714
תל אביב מרכז,באר יעקב,3,2026,1906
כפר ברוך,ראשונים,3,2026,2
קרית אריה,באר שבע צפון,3,2026,216
עתלית,בית יהושע,3,2026,8
שדרות,אופקים,3,2026,620
פאתי מודיעין,סגולה,3,2026,1
חולון וולפסון,כפר סבא,3,2026,258
"רשל""צ משה דיין",בית שמש,3,2026,21
כפר סבא,ראשונים,3,2026,6
בית שמש,קרית מוצקין,3,2026,47
אשקלון,קרית מוצקין,3,2026,229
קרית גת,רמלה,3,2026,695
בני ברק,בת גלים,3,2026,23
קרית מוצקין,בית שמש,3,2026,54
ראשונים,דימונה,3,2026,2
חיפה מרכז,אשקלון,3,2026,134
בת ים יוספטל,דימונה,3,2026,1
נתניה,אשקלון,3,2026,1467
כפר ברוך,נתניה,3,2026,10
רחובות,באר יעקב,3,2026,503
באר שבע צפון,פאתי מודיעין,3,2026,12
בני ברק,להבים רהט,3,2026,15
יבנה מערב,קיסריה פרדס חנה,3,2026,169
"נתב""ג",חולון וולפסון,3,2026,40
הוד השרון,ירושלים/יצחק נבון,3,2026,219
חוף הכרמל,ראש העין צפון,3,2026,160
נתניה,עכו,3,2026,368
באר יעקב,עפולה,3,2026,8
נתניה קריית ספיר,יבנה מערב,3,2026,45
עפולה,עתלית,3,2026,15
קיסריה פרדס חנה,חולון וולפסון,3,2026,48
להבים רהט,בית שמש,3,2026,18
תא אוניברסיטה,כפר סבא,3,2026,458
בני ברק,בית יהושע,3,2026,18
קרית אריה,אשדוד עד הלום,3,2026,956
נתניה,"נתב""ג",3,2026,863
חדרה מערב,נהריה,3,2026,375
דימונה,מזכרת בתיה,3,2026,1
בת גלים,חולון וולפסון,3,2026,45
הרצליה,יבנה מזרח,3,2026,108
בית שאן,בת ים יוספטל,3,2026,17
מרכזית המפרץ/קו החוף,סגולה,3,2026,27
חולון וולפסון,השלום,3,2026,822
מרכזית המפרץ/קו החוף,בית שאן,3,2026,1554
ראשונים,נתניה קריית ספיר,3,2026,13
קיסריה פרדס חנה,תל אביב מרכז,3,2026,3467
סגולה,"רשל""צ משה דיין",3,2026,91
חדרה מערב,אשדוד עד הלום,3,2026,584
סגולה,באר שבע צפון,3,2026,26
מזכרת בתיה,כפר סבא,3,2026,35
בית שאן,ראש העין צפון,3,2026,24
רחובות,הרצליה,3,2026,1514
כרמיאל,"רשל""צ משה דיין",3,2026,102
בת ים יוספטל,רמלה,3,2026,16
חדרה מערב,יבנה מערב,3,2026,311
שדרות,קרית גת,3,2026,2
בת גלים,אופקים,3,2026,26
נתיבות,השלום,3,2026,1409
כפר ברוך,מזכרת בתיה,3,2026,1
בת ים יוספטל,ראשונים,3,2026,1
רחובות,באר שבע מרכז,3,2026,641
רעננה מערב,תא אוניברסיטה,3,2026,149
קרית מוצקין,עפולה,3,2026,125
ראש העין צפון,קרית מלאכי,3,2026,24
השלום,תא אוניברסיטה,3,2026,1240
רחובות,יבנה מזרח,3,2026,187
בני ברק,קרית מלאכי,3,2026,2
נתניה קריית ספיר,שדרות,3,2026,19
ירושלים/יצחק נבון,עפולה,3,2026,47
נהריה,סגולה,3,2026,30
חולון וולפסון,נתיבות,3,2026,187
כפר סבא,תא אוניברסיטה,3,2026,500
נהריה,מודיעין מרכז,3,2026,290
לוד גני אביב,קרית גת,3,2026,10
בני ברק,"רשל""צ משה דיין",3,2026,275
ירושלים/יצחק נבון,לוד גני אביב,3,2026,44
עתלית,בנימינה,3,2026,15
קרית מוצקין,בת גלים,3,2026,4898
מזכרת בתיה,באר שבע מרכז,3,2026,1177
רחובות,חולון וולפסון,3,2026,43
ראש העין צפון,עתלית,3,2026,7
לוד,קרית מוצקין,3,2026,511
חוף הכרמל,קרית גת,3,2026,411
נתניה קריית ספיר,השלום,3,2026,783
באר שבע מרכז,כפר סבא,3,2026,822
מודיעין מרכז,הרצליה,3,2026,540
קרית אריה,רעננה מערב,3,2026,289
סגולה,רמלה,3,2026,4
כפר ברוך,אשדוד עד הלום,3,2026,18
"רשל""צ משה דיין","נתב""ג",3,2026,51
תא אוניברסיטה,מרכזית המפרץ/קו החוף,3,2026,1004
חדרה מערב,רמלה,3,2026,62
מרכזית המפרץ/קו החוף,נהריה,3,2026,7584
נתניה קריית ספיר,"רשל""צ משה דיין",3,2026,71
אשדוד עד הלום,בית שאן,3,2026,30
נהריה,רחובות,3,2026,261
מודיעין מרכז,אשקלון,3,2026,128
נתיבות,הוד השרון,3,2026,22
באר יעקב,חדרה מערב,3,2026,158
חיפה מרכז,חולון וולפסון,3,2026,44
אשקלון,ירושלים/יצחק נבון,3,2026,343
כפר סבא,בנימינה,3,2026,145
מזכרת בתיה,לוד,3,2026,141
בנימינה,ירושלים/יצחק נבון,3,2026,2328
קרית גת,דימונה,3,2026,3
אופקים,קיסריה פרדס חנה,3,2026,89
קרית מוצקין,לוד גני אביב,3,2026,5
רחובות,אשקלון,3,2026,4135
קרית מוצקין,כפר ברוך,3,2026,15
תא אוניברסיטה,דימונה,3,2026,4
ירושלים/יצחק נבון,כפר ברוך,3,2026,11
אשדוד עד הלום,יבנה מערב,3,2026,1861
עכו,רמלה,3,2026,118
מרכזית המפרץ/קו החוף,נתיבות,3,2026,91
ראש העין צפון,פאתי מודיעין,3,2026,8
לוד גני אביב,בת גלים,3,2026,11
נתיבות,מרכזית המפרץ/קו החוף,3,2026,85
רעננה מערב,באר שבע מרכז,3,2026,213
עפולה,חוף הכרמל,3,2026,1160
קרית מלאכי,חיפה מרכז,3,2026,14
באר יעקב,כרמיאל,3,2026,25
סגולה,חיפה מרכז,3,2026,12
אשדוד עד הלום,רמלה,3,2026,45
בית שאן,להבים רהט,3,2026,32
לוד,פאתי מודיעין,3,2026,16
השלום,קרית אריה,3,2026,1252
בנימינה,רמלה,3,2026,90
לוד,כרמיאל,3,2026,211
חדרה מערב,רעננה מערב,3,2026,44
נתניה,באר יעקב,3,2026,406
בת גלים,ראשונים,3,2026,7
בת ים יוספטל,נתניה,3,2026,464
לוד גני אביב,באר שבע מרכז,3,2026,29
יבנה מערב,חדרה מערב,3,2026,250
בת ים יוספטל,נתיבות,3,2026,382
סגולה,ירושלים/יצחק נבון,3,2026,35
אשקלון,ראשונים,3,2026,48
קרית גת,קרית מוצקין,3,2026,164
רמלה,אופקים,3,2026,25
חולון וולפסון,בת ים יוספטל,3,2026,99
ראשונים,לוד גני אביב,3,2026,20
בת ים יוספטל,קרית גת,3,2026,64
חוף הכרמל,נתניה,3,2026,1255
"רשל""צ משה דיין",בנימינה,3,2026,385
קרית גת,השלום,3,2026,4251
בית יהושע,מזכרת בתיה,3,2026,34
חוף הכרמל,לוד,3,2026,880
בית שאן,נתניה,3,2026,89
קרית אריה,ירושלים/יצחק נבון,3,2026,346
להבים רהט,כפר ברוך,3,2026,1
בנימינה,ראש העין צפון,3,2026,206
"רשל""צ משה דיין",כפר ברוך,3,2026,4
"רשל""צ משה דיין",תל אביב מרכז,3,2026,2437
השלום,באר יעקב,3,2026,2674
באר שבע מרכז,סגולה,3,2026,156
לוד גני אביב,חוף הכרמל,3,2026,10
קרית מלאכי,בני ברק,3,2026,3
להבים רהט,עכו,3,2026,33
ירושלים/יצחק נבון,חולון וולפסון,3,2026,326
ראשונים,בית שאן,3,2026,8
"נתב""ג",חדרה מערב,3,2026,443
באר שבע מרכז,לוד גני אביב,3,2026,23
באר שבע מרכז,רחובות,3,2026,596
ירושלים/יצחק נבון,תא אוניברסיטה,3,2026,4069
נתניה,לוד,3,2026,1965
סגולה,נתניה קריית ספיר,3,2026,7
השלום,חוף הכרמל,3,2026,8238
חדרה מערב,קרית מלאכי,3,2026,69
נתניה קריית ספיר,אשקלון,3,2026,150
הוד השרון,קרית מלאכי,3,2026,27
אשקלון,"נתב""ג",3,2026,264
עפולה,באר שבע מרכז,3,2026,103
יבנה מזרח,נתניה,3,2026,122
בית שמש,קרית אריה,3,2026,25
מרכזית המפרץ/קו החוף,בנימינה,3,2026,1308
באר שבע צפון,"רשל""צ משה דיין",3,2026,472
שדרות,בית יהושע,3,2026,105
נהריה,חיפה מרכז,3,2026,2262
רחובות,קרית גת,3,2026,71
בית שמש,עתלית,3,2026,4
רמלה,נתניה קריית ספיר,3,2026,27
בית שאן,קיסריה פרדס חנה,3,2026,19
שדרות,נתניה קריית ספיר,3,2026,16
עפולה,באר שבע צפון,3,2026,19
מודיעין מרכז,מרכזית המפרץ/קו החוף,3,2026,335
בת ים יוספטל,בני ברק,3,2026,314
כרמיאל,בני ברק,3,2026,6
ירושלים/יצחק נבון,רמלה,3,2026,19
"נתב""ג",בית יהושע,3,2026,309
ראשונים,אופקים,3,2026,2
חיפה מרכז,קרית מלאכי,3,2026,32
קרית אריה,עפולה,3,2026,18
חולון וולפסון,"נתב""ג",3,2026,50
קרית מוצקין,יבנה מזרח,3,2026,10
שדרות,מודיעין מרכז,3,2026,57
בית יהושע,נתיבות,3,2026,65
שדרות,בנימינה,3,2026,189
אשקלון,תל אביב מרכז,3,2026,4833
נתניה קריית ספיר,בני ברק,3,2026,9
להבים רהט,תל אביב מרכז,3,2026,610
יבנה מזרח,להבים רהט,3,2026,1
כרמיאל,תל אביב מרכז,3,2026,1521
ירושלים/יצחק נבון,באר שבע מרכז,3,2026,291
מודיעין מרכז,"רשל""צ משה דיין",3,2026,41
תא אוניברסיטה,בני ברק,3,2026,42
בנימינה,לוד גני אביב,3,2026,17
קרית מוצקין,חולון וולפסון,3,2026,41
בנימינה,קרית מלאכי,3,2026,108
באר יעקב,תל אביב מרכז,3,2026,1711
"נתב""ג",נתניה קריית ספיר,3,2026,55
לוד,רעננה מערב,3,2026,60
חדרה מערב,לוד גני אביב,3,2026,35
"רשל""צ משה דיין",אופקים,3,2026,1041
עפולה,לוד,3,2026,72
קרית אריה,"נתב""ג",3,2026,37
מודיעין מרכז,להבים רהט,3,2026,25
בית שמש,קיסריה פרדס חנה,3,2026,36
אשדוד עד הלום,מודיעין מרכז,3,2026,92
בת ים יוספטל,הרצליה,3,2026,433
בת גלים,עפולה,3,2026,1709
ראשונים,סגולה,3,2026,1
קרית גת,"נתב""ג",3,2026,112
להבים רהט,סגולה,3,2026,5
ראשונים,עכו,3,2026,11
רחובות,להבים רהט,3,2026,28
רעננה מערב,בת גלים,3,2026,49
מודיעין מרכז,נתניה,3,2026,479
אופקים,ראשונים,3,2026,5
תל אביב מרכז,שדרות,3,2026,1103
רעננה מערב,באר יעקב,3,2026,10
באר שבע מרכז,בית שאן,3,2026,129
חיפה מרכז,כפר סבא,3,2026,48
קרית גת,תל אביב מרכז,3,2026,2259
חולון וולפסון,תל אביב מרכז,3,2026,721
ראש העין צפון,באר שבע צפון,3,2026,166
עפולה,כפר סבא,3,2026,22
באר יעקב,עכו,3,2026,34
פאתי מודיעין,מזכרת בתיה,3,2026,1
בני ברק,ראש העין צפון,3,2026,349
אשדוד עד הלום,"נתב""ג",3,2026,377
באר שבע צפון,קרית גת,3,2026,1136
בת ים יוספטל,אשקלון,3,2026,2322
נתניה קריית ספיר,הרצליה,3,2026,265
עתלית,נתיבות,3,2026,1
תל אביב מרכז,"רשל""צ משה דיין",3,2026,3167
עכו,קרית מלאכי,3,2026,40
ראש העין צפון,קרית אריה,3,2026,347
תא אוניברסיטה,ראש העין צפון,3,2026,441
בית יהושע,בית שמש,3,2026,69
מרכזית המפרץ/קו החוף,כפר ברוך,3,2026,116
חוף הכרמל,נתיבות,3,2026,75
שדרות,באר שבע צפון,3,2026,425
תל אביב מרכז,לוד גני אביב,3,2026,650
"נתב""ג",באר שבע צפון,3,2026,130
"נתב""ג",קיסריה פרדס חנה,3,2026,110
להבים רהט,הוד השרון,3,2026,8
קרית מלאכי,ראש העין צפון,3,2026,26
קרית מלאכי,באר שבע מרכז,3,2026,779
השלום,עכו,3,2026,1492
כפר סבא,קרית גת,3,2026,110
הרצליה,קרית מוצקין,3,2026,1139
בני ברק,השלום,3,2026,283
רחובות,עפולה,3,2026,36
מזכרת בתיה,ראשונים,3,2026,5
בנימינה,אשקלון,3,2026,766
בנימינה,בני ברק,3,2026,71
סגולה,קיסריה פרדס חנה,3,2026,9
חוף הכרמל,חדרה מערב,3,2026,948
אופקים,תא אוניברסיטה,3,2026,504
נתניה,אשדוד עד הלום,3,2026,1451
קרית מוצקין,ראשונים,3,2026,27
דימונה,ראשונים,3,2026,1
יבנה מערב,חולון וולפסון,3,2026,713
פאתי מודיעין,קרית מלאכי,3,2026,2
רעננה מערב,מזכרת בתיה,3,2026,21
חיפה מרכז,בני ברק,3,2026,11
בת גלים,להבים רהט,3,2026,61
נתניה,חדרה מערב,3,2026,2046
ראש העין צפון,מודיעין מרכז,3,2026,37
יבנה מזרח,בית שאן,3,2026,6
רחובות,נתיבות,3,2026,168
עכו,בני ברק,3,2026,10
אופקים,פאתי מודיעין,3,2026,13
יבנה מזרח,רחובות,3,2026,203
בת ים יוספטל,חולון וולפסון,3,2026,74
ראש העין צפון,"נתב""ג",3,2026,10
השלום,אופקים,3,2026,1447
עפולה,בני ברק,3,2026,1
"רשל""צ משה דיין",באר יעקב,3,2026,4
חולון וולפסון,נהריה,3,2026,73
מזכרת בתיה,בית שאן,3,2026,19
להבים רהט,אשדוד עד הלום,3,2026,6
רחובות,כפר ברוך,3,2026,5
חוף הכרמל,בית שאן,3,2026,672
כפר סבא,להבים רהט,3,2026,34
ראשונים,חוף הכרמל,3,2026,14
יבנה מערב,רמלה,3,2026,21
חדרה מערב,שדרות,3,2026,165
תל אביב מרכז,כרמיאל,3,2026,1501
בית שמש,יבנה מערב,3,2026,37
עתלית,באר יעקב,3,2026,3
נתניה קריית ספיר,עפולה,3,2026,5
הוד השרון,תל אביב מרכז,3,2026,708
לוד גני אביב,נתניה קריית ספיר,3,2026,26
עתלית,קרית גת,3,2026,1
שדרות,כפר סבא,3,2026,211
קרית אריה,קרית גת,3,2026,87
קרית גת,קרית מלאכי,3,2026,114
רחובות,אופקים,3,2026,205
תל אביב מרכז,כפר ברוך,3,2026,56
ירושלים/יצחק נבון,מזכרת בתיה,3,2026,27
יבנה מערב,בית שאן,3,2026,27
תל אביב מרכז,עפולה,3,2026,323
נתניה,בית יהושע,3,2026,470
חולון וולפסון,פאתי מודיעין,3,2026,17
השלום,ראשונים,3,2026,50
מזכרת בתיה,עכו,3,2026,50
נתניה,הוד השרון,3,2026,46
לוד גני אביב,אופקים,3,2026,1
בת גלים,הרצליה,3,2026,1497
בית שמש,חיפה מרכז,3,2026,45
נתניה קריית ספיר,רחובות,3,2026,184
תל אביב מרכז,רחובות,3,2026,4532
באר שבע מרכז,אשקלון,3,2026,1840
באר שבע מרכז,שדרות,3,2026,1118
ראש העין צפון,ירושלים/יצחק נבון,3,2026,482
"נתב""ג",קרית אריה,3,2026,26
קרית אריה,בת גלים,3,2026,177
נהריה,קרית אריה,3,2026,126
עתלית,נתניה,3,2026,12
אשדוד עד הלום,חוף הכרמל,3,2026,606
לוד,הוד השרון,3,2026,41
נהריה,באר שבע צפון,3,2026,273
רעננה מערב,בנימינה,3,2026,96
נתניה,נתניה קריית ספיר,3,2026,130
בית יהושע,קרית אריה,3,2026,68
חוף הכרמל,בית יהושע,3,2026,428
באר שבע מרכז,הוד השרון,3,2026,235
חולון וולפסון,בית שמש,3,2026,14
כרמיאל,קרית מלאכי,3,2026,37
חדרה מערב,מרכזית המפרץ/קו החוף,3,2026,744
לוד,קיסריה פרדס חנה,3,2026,282
"רשל""צ משה דיין",נתניה,3,2026,597
לוד גני אביב,מודיעין מרכז,3,2026,5
מזכרת בתיה,בית יהושע,3,2026,32
קרית אריה,"רשל""צ משה דיין",3,2026,663
עכו,לוד גני אביב,3,2026,3
בת גלים,בית יהושע,3,2026,418
נתניה,"רשל""צ משה דיין",3,2026,655
תא אוניברסיטה,עכו,3,2026,498
כפר ברוך,חוף הכרמל,3,2026,125
אשקלון,קרית מלאכי,3,2026,2
ראש העין צפון,תא אוניברסיטה,3,2026,563
נהריה,השלום,3,2026,3211
פאתי מודיעין,נתניה,3,2026,93
הוד השרון,רחובות,3,2026,75
עפולה,רמלה,3,2026,24
חיפה מרכז,קרית מוצקין,3,2026,975
כפר סבא,נתניה קריית ספיר,3,2026,28
מזכרת בתיה,לוד גני אביב,3,2026,5
רמלה,קיסריה פרדס חנה,3,2026,22
ירושלים/יצחק נבון,קרית אריה,3,2026,218
קרית מלאכי,בית שאן,3,2026,16
חולון וולפסון,סגולה,3,2026,66
קרית אריה,קרית מלאכי,3,2026,30
נתיבות,חולון וולפסון,3,2026,173
חיפה מרכז,להבים רהט,3,2026,29
כרמיאל,אשקלון,3,2026,210
עכו,כפר ברוך,3,2026,4
תל אביב מרכז,לוד,3,2026,6507
נתניה,להבים רהט,3,2026,78
ראשונים,הרצליה,3,2026,29
באר שבע מרכז,מודיעין מרכז,3,2026,203
נהריה,באר שבע מרכז,3,2026,1667
קרית גת,קיסריה פרדס חנה,3,2026,66
אשקלון,בית שמש,3,2026,108
בני ברק,רמלה,3,2026,24
רעננה מערב,לוד גני אביב,3,2026,3
לוד,עתלית,3,2026,4
יבנה מערב,נהריה,3,2026,183
רחובות,כפר סבא,3,2026,136
חוף הכרמל,סגולה,3,2026,38
בני ברק,חיפה מרכז,3,2026,11
תא אוניברסיטה,סגולה,3,2026,73
בני ברק,אשקלון,3,2026,320
קרית אריה,בית שמש,3,2026,19
בנימינה,מודיעין מרכז,3,2026,588
באר שבע מרכז,נתניה קריית ספיר,3,2026,236
כפר ברוך,עכו,3,2026,2
נתניה קריית ספיר,באר יעקב,3,2026,88
נתניה,כפר ברוך,3,2026,13
עפולה,חיפה מרכז,3,2026,917
חיפה מרכז,"רשל""צ משה דיין",3,2026,121
כפר סבא,בני ברק,3,2026,435
בני ברק,נהריה,3,2026,21
אופקים,יבנה מערב,3,2026,842
רחובות,לוד,3,2026,2169
ירושלים/יצחק נבון,נהריה,3,2026,1415
אופקים,בת ים יוספטל,3,2026,517
כפר ברוך,"נתב""ג",3,2026,14
הוד השרון,עכו,3,2026,27
ראשונים,תא אוניברסיטה,3,2026,8
בית שאן,יבנה מזרח,3,2026,3
באר יעקב,אשדוד עד הלום,3,2026,728
תל אביב מרכז,כפר סבא,3,2026,2251
מזכרת בתיה,סגולה,3,2026,1
באר יעקב,רעננה מערב,3,2026,20
באר שבע מרכז,חוף הכרמל,3,2026,2452
קרית מוצקין,אופקים,3,2026,115
קרית מוצקין,עכו,3,2026,1073
בנימינה,"נתב""ג",3,2026,995
בית יהושע,סגולה,3,2026,2
"רשל""צ משה דיין",אשקלון,3,2026,3482
"רשל""צ משה דיין",רמלה,3,2026,13
בית שאן,עתלית,3,2026,7
תא אוניברסיטה,קיסריה פרדס חנה,3,2026,992
כפר סבא,חדרה מערב,3,2026,99
בית יהושע,בית שאן,3,2026,40
בת גלים,בית שמש,3,2026,37
אופקים,קרית גת,3,2026,42
ירושלים/יצחק נבון,באר שבע צפון,3,2026,70
כפר סבא,אשקלון,3,2026,599
להבים רהט,מודיעין מרכז,3,2026,20
ראש העין צפון,בת ים יוספטל,3,2026,368
השלום,לוד גני אביב,3,2026,1214
חיפה מרכז,יבנה מערב,3,2026,97
חיפה מרכז,שדרות,3,2026,35
להבים רהט,בני ברק,3,2026,15
דימונה,נהריה,3,2026,1
מודיעין מרכז,נתיבות,3,2026,31
לוד,בית שאן,3,2026,57
רמלה,עכו,3,2026,119
אשקלון,הרצליה,3,2026,1124
הוד השרון,כרמיאל,3,2026,18
כפר סבא,באר יעקב,3,2026,33
השלום,חדרה מערב,3,2026,6702
ראש העין צפון,רעננה מערב,3,2026,320
באר שבע צפון,מזכרת בתיה,3,2026,698
"רשל""צ משה דיין",לוד גני אביב,3,2026,30
סגולה,בית שאן,3,2026,6
הוד השרון,בת גלים,3,2026,113
לוד גני אביב,קרית מלאכי,3,2026,5
חיפה מרכז,פאתי מודיעין,3,2026,39
עתלית,קרית מוצקין,3,2026,7
כפר סבא,פאתי מודיעין,3,2026,7
מרכזית המפרץ/קו החוף,אופקים,3,2026,193
סגולה,בני ברק,3,2026,80
פאתי מודיעין,מרכזית המפרץ/קו החוף,3,2026,55
נתיבות,"רשל""צ משה דיין",3,2026,862
סגולה,אופקים,3,2026,48
כרמיאל,מודיעין מרכז,3,2026,187
הרצליה,שדרות,3,2026,156
כרמיאל,נתיבות,3,2026,34
רחובות,מרכזית המפרץ/קו החוף,3,2026,414
ירושלים/יצחק נבון,בית שאן,3,2026,18
בת גלים,עכו,3,2026,2817
באר יעקב,ירושלים/יצחק נבון,3,2026,83
אשקלון,אופקים,3,2026,1495
אשקלון,סגולה,3,2026,158
תא אוניברסיטה,אשקלון,3,2026,1532
אשדוד עד הלום,אופקים,3,2026,1692
הרצליה,עתלית,3,2026,20
כרמיאל,חדרה מערב,3,2026,197
כפר סבא,כרמיאל,3,2026,47
בית שאן,נתניה קריית ספיר,3,2026,13
מרכזית המפרץ/קו החוף,נתניה קריית ספיר,3,2026,79
חיפה מרכז,בית שמש,3,2026,30
הוד השרון,נתניה,3,2026,35
בנימינה,תל אביב מרכז,3,2026,8909
תא אוניברסיטה,הוד השרון,3,2026,171
"רשל""צ משה דיין",מזכרת בתיה,3,2026,16
לוד,חיפה מרכז,3,2026,241
קרית גת,עכו,3,2026,174
עפולה,יבנה מזרח,3,2026,3
קרית גת,עפולה,3,2026,28
מזכרת בתיה,באר שבע צפון,3,2026,666
בית יהושע,אשקלון,3,2026,453
עתלית,מזכרת בתיה,3,2026,4
קיסריה פרדס חנה,השלום,3,2026,3786
אשקלון,בני ברק,3,2026,312
קרית מלאכי,כרמיאל,3,2026,27
ראש העין צפון,באר יעקב,3,2026,29
דימונה,תא אוניברסיטה,3,2026,6
כרמיאל,אשדוד עד הלום,3,2026,228
בית שמש,כפר סבא,3,2026,24
ראש העין צפון,נתניה,3,2026,209
באר שבע צפון,בית שמש,3,2026,54
קרית מלאכי,בית יהושע,3,2026,41
בני ברק,קיסריה פרדס חנה,3,2026,24
יבנה מערב,להבים רהט,3,2026,5
קרית מלאכי,נתניה קריית ספיר,3,2026,24
נתיבות,בית שמש,3,2026,10
קרית מלאכי,מודיעין מרכז,3,2026,6
קרית גת,הוד השרון,3,2026,34
בית שאן,אשדוד עד הלום,3,2026,59
שדרות,אשקלון,3,2026,916
סגולה,חדרה מערב,3,2026,12
ראש העין צפון,באר שבע מרכז,3,2026,823
שדרות,עכו,3,2026,73
חולון וולפסון,בנימינה,3,2026,214
ראש העין צפון,לוד,3,2026,77
קרית מלאכי,אופקים,3,2026,13
רעננה מערב,חולון וולפסון,3,2026,52
אשדוד עד הלום,כרמיאל,3,2026,130
כרמיאל,בית יהושע,3,2026,120
קיסריה פרדס חנה,עכו,3,2026,92
דימונה,באר שבע צפון,3,2026,12
עכו,חוף הכרמל,3,2026,1563
נתניה,קרית גת,3,2026,493
קרית גת,לוד גני אביב,3,2026,14
באר יעקב,רחובות,3,2026,622
אשדוד עד הלום,נתיבות,3,2026,1582
אשדוד עד הלום,בית יהושע,3,2026,347
רמלה,תל אביב מרכז,3,2026,1176
הרצליה,השלום,3,2026,7318
אשקלון,בית שאן,3,2026,35
קרית מוצקין,באר שבע צפון,3,2026,292
תא אוניברסיטה,עפולה,3,2026,120
חוף הכרמל,ראשונים,3,2026,27
נתיבות,חוף הכרמל,3,2026,66
להבים רהט,קרית גת,3,2026,147
באר שבע מרכז,עתלית,3,2026,5
"נתב""ג",באר יעקב,3,2026,24
הוד השרון,בני ברק,3,2026,273
השלום,נתניה קריית ספיר,3,2026,956
ראשונים,באר שבע מרכז,3,2026,184
הוד השרון,ראש העין צפון,3,2026,100
בית יהושע,ראשונים,3,2026,23
רמלה,הרצליה,3,2026,347
פאתי מודיעין,הוד השרון,3,2026,4
נתיבות,לוד גני אביב,3,2026,2
עכו,להבים רהט,3,2026,42
הרצליה,לוד,3,2026,1252
קרית גת,בית יהושע,3,2026,115
נהריה,הרצליה,3,2026,1309
"נתב""ג",באר שבע מרכז,3,2026,361
קרית מוצקין,רמלה,3,2026,171
קרית גת,מרכזית המפרץ/קו החוף,3,2026,530
קיסריה פרדס חנה,מרכזית המפרץ/קו החוף,3,2026,267
בית שמש,נתיבות,3,2026,13
הרצליה,חולון וולפסון,3,2026,141
בית שמש,בת גלים,3,2026,53
"רשל""צ משה דיין",מודיעין מרכז,3,2026,44
קרית מלאכי,לוד גני אביב,3,2026,3
עתלית,מודיעין מרכז,3,2026,20
נתניה קריית ספיר,באר שבע מרכז,3,2026,200
בית שאן,שדרות,3,2026,39
"רשל""צ משה דיין",נתניה קריית ספיר,3,2026,58
עתלית,כפר סבא,3,2026,3
בני ברק,קרית מוצקין,3,2026,21
בת גלים,נתניה,3,2026,764
חדרה מערב,הרצליה,3,2026,2276
מודיעין מרכז,תא אוניברסיטה,3,2026,950
הוד השרון,השלום,3,2026,1400
אשדוד עד הלום,שדרות,3,2026,1649
כפר סבא,"נתב""ג",3,2026,73
בני ברק,נתניה קריית ספיר,3,2026,64
סגולה,עפולה,3,2026,7
תא אוניברסיטה,בת ים יוספטל,3,2026,684
השלום,קרית מוצקין,3,2026,3267
באר שבע מרכז,בנימינה,3,2026,1847
עתלית,"נתב""ג",3,2026,12
מזכרת בתיה,להבים רהט,3,2026,112
רעננה מערב,"רשל""צ משה דיין",3,2026,216
נהריה,קרית מלאכי,3,2026,119
בני ברק,חדרה מערב,3,2026,100
נתניה,ראשונים,3,2026,31
"רשל""צ משה דיין",רחובות,3,2026,22
קרית מוצקין,"נתב""ג",3,2026,522
בית שאן,קרית אריה,3,2026,16
לוד,ראשונים,3,2026,638
באר שבע צפון,עפולה,3,2026,15
כפר ברוך,רחובות,3,2026,3
מודיעין מרכז,בית יהושע,3,2026,169
נתיבות,פאתי מודיעין,3,2026,2
תא אוניברסיטה,נתיבות,3,2026,221
עכו,באר שבע מרכז,3,2026,755
כרמיאל,רמלה,3,2026,40
מודיעין מרכז,בית שמש,3,2026,1
אשקלון,בת גלים,3,2026,189
קרית מלאכי,רעננה מערב,3,2026,11
רעננה מערב,שדרות,3,2026,133
בת גלים,באר יעקב,3,2026,75
כפר סבא,רחובות,3,2026,124
באר יעקב,חוף הכרמל,3,2026,122
הוד השרון,אשקלון,3,2026,203
קרית מלאכי,ירושלים/יצחק נבון,3,2026,17
קרית מלאכי,כפר ברוך,3,2026,2
עתלית,תל אביב מרכז,3,2026,107
בית שאן,קרית מלאכי,3,2026,17
באר יעקב,יבנה מזרח,3,2026,70
נתניה,בנימינה,3,2026,1747
תל אביב מרכז,רמלה,3,2026,1250
יבנה מערב,כפר סבא,3,2026,395
אופקים,כפר סבא,3,2026,369
תל אביב מרכז,דימונה,3,2026,8
שדרות,בת גלים,3,2026,59
באר שבע צפון,דימונה,3,2026,13
בני ברק,אופקים,3,2026,65
בית שמש,עכו,3,2026,41
תל אביב מרכז,ירושלים/יצחק נבון,3,2026,18152
נתיבות,עכו,3,2026,21
אופקים,לוד,3,2026,241
"רשל""צ משה דיין",באר שבע צפון,3,2026,410
קרית מוצקין,הרצליה,3,2026,1309
באר שבע צפון,יבנה מערב,3,2026,208
כרמיאל,באר יעקב,3,2026,30
נתיבות,סגולה,3,2026,28
אשדוד עד הלום,בת גלים,3,2026,363
לוד,אשקלון,3,2026,2784
אשדוד עד הלום,באר יעקב,3,2026,678
קיסריה פרדס חנה,להבים רהט,3,2026,23
בית יהושע,יבנה מזרח,3,2026,20
מודיעין מרכז,ירושלים/יצחק נבון,3,2026,1658
ראש העין צפון,תל אביב מרכז,3,2026,2146
ירושלים/יצחק נבון,אשדוד עד הלום,3,2026,526
אופקים,באר שבע צפון,3,2026,818
רמלה,בית שמש,3,2026,491
רעננה מערב,"נתב""ג",3,2026,43
עפולה,השלום,3,2026,400
הוד השרון,בית יהושע,3,2026,17
עכו,חדרה מערב,3,2026,269
אשקלון,חוף הכרמל,3,2026,532
מודיעין מרכז,רמלה,3,2026,13
חיפה מרכז,השלום,3,2026,2370
הרצליה,רחובות,3,2026,1557
לוד,בני ברק,3,2026,37
רעננה מערב,חדרה מערב,3,2026,44
מודיעין מרכז,חיפה מרכז,3,2026,175
הוד השרון,חדרה מערב,3,2026,46
אופקים,ראש העין צפון,3,2026,400
אשקלון,קיסריה פרדס חנה,3,2026,258
מרכזית המפרץ/קו החוף,קרית מלאכי,3,2026,244
ראשונים,נהריה,3,2026,17
עתלית,באר שבע צפון,3,2026,1
סגולה,עתלית,3,2026,1
פאתי מודיעין,באר שבע מרכז,3,2026,21
קרית מוצקין,אשדוד עד הלום,3,2026,419
נתיבות,אופקים,3,2026,912
אשקלון,באר יעקב,3,2026,699
רמלה,קרית מלאכי,3,2026,158
ראש העין צפון,עכו,3,2026,89
באר יעקב,עתלית,3,2026,3
פאתי מודיעין,כפר סבא,3,2026,10
עכו,בנימינה,3,2026,330
בנימינה,קיסריה פרדס חנה,3,2026,240
נתניה קריית ספיר,חולון וולפסון,3,2026,20
כרמיאל,חולון וולפסון,3,2026,46
מודיעין מרכז,יבנה מערב,3,2026,82
עפולה,מזכרת בתיה,3,2026,23
רעננה מערב,מודיעין מרכז,3,2026,40
לוד גני אביב,בני ברק,3,2026,13
חוף הכרמל,תל אביב מרכז,3,2026,7198
יבנה מערב,תא אוניברסיטה,3,2026,690
יבנה מזרח,ירושלים/יצחק נבון,3,2026,29
בית יהושע,תא אוניברסיטה,3,2026,1428
יבנה מערב,ראש העין צפון,3,2026,423
עכו,נתניה קריית ספיר,3,2026,23
בית שאן,רחובות,3,2026,42
בית יהושע,באר שבע מרכז,3,2026,1236
ראשונים,קיסריה פרדס חנה,3,2026,10
הוד השרון,מודיעין מרכז,3,2026,33
בת ים יוספטל,סגולה,3,2026,95
באר שבע מרכז,קיסריה פרדס חנה,3,2026,379
בת גלים,עתלית,3,2026,51
רחובות,חיפה מרכז,3,2026,125
שדרות,פאתי מודיעין,3,2026,8
קרית מלאכי,חוף הכרמל,3,2026,170
קיסריה פרדס חנה,"רשל""צ משה דיין",3,2026,145
פאתי מודיעין,לוד,3,2026,15
דימונה,תל אביב מרכז,3,2026,16
ירושלים/יצחק נבון,בני ברק,3,2026,81
תא אוניברסיטה,יבנה מזרח,3,2026,49
בת גלים,קיסריה פרדס חנה,3,2026,312
כפר סבא,קיסריה פרדס חנה,3,2026,70
קרית גת,באר יעקב,3,2026,28
תא אוניברסיטה,חולון וולפסון,3,2026,288
להבים רהט,קיסריה פרדס חנה,3,2026,21
בית שאן,כפר סבא,3,2026,24
קרית מלאכי,לוד,3,2026,236
מודיעין מרכז,סגולה,3,2026,4
קיסריה פרדס חנה,באר יעקב,3,2026,128
בני ברק,עפולה,3,2026,6
אשדוד עד הלום,לוד,3,2026,2420
חולון וולפסון,לוד,3,2026,81
לוד גני אביב,יבנה מערב,3,2026,7
סגולה,לוד,3,2026,21
שדרות,נהריה,3,2026,99
כפר ברוך,ראש העין צפון,3,2026,1
באר שבע צפון,תל אביב מרכז,3,2026,2605
חוף הכרמל,חיפה מרכז,3,2026,283
קרית מוצקין,בנימינה,3,2026,689
אשקלון,קרית אריה,3,2026,700
אופקים,באר יעקב,3,2026,50
אשדוד עד הלום,כפר סבא,3,2026,402
חדרה מערב,השלום,3,2026,7145
השלום,רמלה,3,2026,1755
ראשונים,מזכרת בתיה,3,2026,2
בית יהושע,קרית מלאכי,3,2026,45
יבנה מזרח,סגולה,3,2026,2
רחובות,סגולה,3,2026,12
בת ים יוספטל,קרית מוצקין,3,2026,112
כרמיאל,כפר סבא,3,2026,43
בנימינה,"רשל""צ משה דיין",3,2026,431
קרית מלאכי,נתניה,3,2026,127
להבים רהט,בת גלים,3,2026,72
נהריה,יבנה מזרח,3,2026,17
בית שאן,יבנה מערב,3,2026,66
בת ים יוספטל,באר שבע צפון,3,2026,206
רעננה מערב,בית שאן,3,2026,4
מרכזית המפרץ/קו החוף,חיפה מרכז,3,2026,165
ראש העין צפון,כרמיאל,3,2026,88
סגולה,נתניה,3,2026,10
חיפה מרכז,נהריה,3,2026,2163
בית שאן,לוד,3,2026,44
תל אביב מרכז,עכו,3,2026,1759
הוד השרון,אשדוד עד הלום,3,2026,196
בת ים יוספטל,לוד,3,2026,181
מרכזית המפרץ/קו החוף,באר שבע מרכז,3,2026,2811
לוד,בנימינה,3,2026,703
קרית מלאכי,להבים רהט,3,2026,77
נתניה,בני ברק,3,2026,100
חולון וולפסון,באר שבע צפון,3,2026,74
הוד השרון,נתיבות,3,2026,34
חולון וולפסון,מרכזית המפרץ/קו החוף,3,2026,95
סגולה,באר שבע מרכז,3,2026,78
רמלה,תא אוניברסיטה,3,2026,263
סגולה,קרית גת,3,2026,21
מזכרת בתיה,בת ים יוספטל,3,2026,9
שדרות,רעננה מערב,3,2026,119
נתניה,הרצליה,3,2026,2362
רעננה מערב,ירושלים/יצחק נבון,3,2026,632
אשדוד עד הלום,תא אוניברסיטה,3,2026,1572
קרית גת,ראש העין צפון,3,2026,95
תל אביב מרכז,"נתב""ג",3,2026,2010
רמלה,באר שבע צפון,3,2026,656
לוד גני אביב,קרית מוצקין,3,2026,5
בת ים יוספטל,חיפה מרכז,3,2026,80
יבנה מערב,סגולה,3,2026,101
קרית אריה,הרצליה,3,2026,366
חוף הכרמל,מזכרת בתיה,3,2026,129
בת גלים,נהריה,3,2026,3930
יבנה מזרח,תל אביב מרכז,3,2026,323
מודיעין מרכז,קרית מלאכי,3,2026,13
מזכרת בתיה,יבנה מערב,3,2026,1
בני ברק,הוד השרון,3,2026,341
קרית מלאכי,באר שבע צפון,3,2026,450
רעננה מערב,ראשונים,3,2026,4
מזכרת בתיה,קרית מוצקין,3,2026,76
רמלה,באר שבע מרכז,3,2026,1492
יבנה מערב,יבנה מזרח,3,2026,3
מזכרת בתיה,בנימינה,3,2026,107
חיפה מרכז,אופקים,3,2026,53
תא אוניברסיטה,רחובות,3,2026,1708
קרית מוצקין,מזכרת בתיה,3,2026,76
קרית גת,רעננה מערב,3,2026,32
בית שמש,רחובות,3,2026,164
נתניה,יבנה מערב,3,2026,519
סגולה,תא אוניברסיטה,3,2026,82
באר שבע צפון,רחובות,3,2026,297
תא אוניברסיטה,רעננה מערב,3,2026,176
מרכזית המפרץ/קו החוף,בת ים יוספטל,3,2026,120
כפר סבא,בת גלים,3,2026,99
ירושלים/יצחק נבון,"רשל""צ משה דיין",3,2026,541
ראשונים,ראש העין צפון,3,2026,4
באר שבע צפון,בית יהושע,3,2026,310
כפר ברוך,עפולה,3,2026,34
אשקלון,"רשל""צ משה דיין",3,2026,3793
דימונה,חדרה מערב,3,2026,1
חיפה מרכז,נתניה קריית ספיר,3,2026,45
"נתב""ג","רשל""צ משה דיין",3,2026,52
בנימינה,הוד השרון,3,2026,94
דימונה,מודיעין מרכז,3,2026,3
ראש העין צפון,יבנה מערב,3,2026,490
תל אביב מרכז,ראשונים,3,2026,59
"רשל""צ משה דיין",חוף הכרמל,3,2026,396
בית שמש,ירושלים/יצחק נבון,3,2026,13
אשקלון,תא אוניברסיטה,3,2026,1455
בנימינה,להבים רהט,3,2026,116
קיסריה פרדס חנה,קרית מלאכי,3,2026,21
יבנה מזרח,ראשונים,3,2026,4
סגולה,מרכזית המפרץ/קו החוף,3,2026,26
"נתב""ג",קרית מלאכי,3,2026,8
קיסריה פרדס חנה,ראש העין צפון,3,2026,68
כפר סבא,נהריה,3,2026,122
"נתב""ג",עתלית,3,2026,11
בית שאן,אופקים,3,2026,34
תא אוניברסיטה,ירושלים/יצחק נבון,3,2026,4242
בית שאן,פאתי מודיעין,3,2026,15
פאתי מודיעין,חולון וולפסון,3,2026,12
בית שאן,נתיבות,3,2026,22
רמלה,להבים רהט,3,2026,261
בית שמש,נתניה קריית ספיר,3,2026,35
מרכזית המפרץ/קו החוף,פאתי מודיעין,3,2026,43
בת גלים,אשקלון,3,2026,159
סגולה,חולון וולפסון,3,2026,50
קרית מלאכי,פאתי מודיעין,3,2026,2
כרמיאל,פאתי מודיעין,3,2026,29
באר יעקב,תא אוניברסיטה,3,2026,489
נתיבות,רעננה מערב,3,2026,44
נתניה קריית ספיר,ראש העין צפון,3,2026,20
קרית אריה,מזכרת בתיה,3,2026,27
בית שמש,בית שאן,3,2026,11
כרמיאל,קרית מוצקין,3,2026,2142
נתיבות,נתניה קריית ספיר,3,2026,28
חולון וולפסון,באר שבע מרכז,3,2026,205
קרית מוצקין,כרמיאל,3,2026,1915
עכו,מזכרת בתיה,3,2026,54
ירושלים/יצחק נבון,עכו,3,2026,558
נתיבות,חדרה מערב,3,2026,91
עפולה,מודיעין מרכז,3,2026,72
אשדוד עד הלום,נתניה,3,2026,1240
שדרות,ראש העין צפון,3,2026,337
מרכזית המפרץ/קו החוף,בית שמש,3,2026,108
פאתי מודיעין,בת ים יוספטל,3,2026,15
להבים רהט,ראש העין צפון,3,2026,18
קרית אריה,חוף הכרמל,3,2026,268
רעננה מערב,בני ברק,3,2026,83
עתלית,חוף הכרמל,3,2026,32
שדרות,"רשל""צ משה דיין",3,2026,692
כרמיאל,תא אוניברסיטה,3,2026,710
רעננה מערב,אופקים,3,2026,165
קרית מוצקין,קיסריה פרדס חנה,3,2026,294
קרית מוצקין,נתיבות,3,2026,38
באר שבע צפון,אופקים,3,2026,816
נתיבות,רמלה,3,2026,16
אשקלון,מרכזית המפרץ/קו החוף,3,2026,475
אשקלון,חולון וולפסון,3,2026,1014
דימונה,אשדוד עד הלום,3,2026,1
אשדוד עד הלום,פאתי מודיעין,3,2026,26
בית שמש,רמלה,3,2026,499
בית יהושע,עתלית,3,2026,4
חדרה מערב,הוד השרון,3,2026,73
הרצליה,עכו,3,2026,553
כפר סבא,בית יהושע,3,2026,8
הרצליה,ראש העין צפון,3,2026,355
רעננה מערב,אשדוד עד הלום,3,2026,361
"רשל""צ משה דיין",קיסריה פרדס חנה,3,2026,165
ראשונים,קרית גת,3,2026,42
מודיעין מרכז,אשדוד עד הלום,3,2026,135
פאתי מודיעין,כפר ברוך,3,2026,1
בית שמש,רעננה מערב,3,2026,17
פאתי מודיעין,רעננה מערב,3,2026,4
אשקלון,כפר ברוך,3,2026,6
מרכזית המפרץ/קו החוף,לוד גני אביב,3,2026,14
כרמיאל,קרית אריה,3,2026,65
באר שבע מרכז,הרצליה,3,2026,3121
ירושלים/יצחק נבון,בת גלים,3,2026,848
קרית מלאכי,רמלה,3,2026,195
בית יהושע,יבנה מערב,3,2026,318
מודיעין מרכז,פאתי מודיעין,3,2026,365
מרכזית המפרץ/קו החוף,רעננה מערב,3,2026,73
נתניה קריית ספיר,קרית גת,3,2026,22
קרית מוצקין,להבים רהט,3,2026,46
הוד השרון,שדרות,3,2026,67
ראשונים,לוד,3,2026,551
באר יעקב,הוד השרון,3,2026,22
קיסריה פרדס חנה,בני ברק,3,2026,25
פאתי מודיעין,שדרות,3,2026,8
כפר ברוך,"רשל""צ משה דיין",3,2026,3
כפר סבא,בית שאן,3,2026,19
רחובות,השלום,3,2026,6725
יבנה מזרח,עתלית,3,2026,2
באר שבע צפון,כפר ברוך,3,2026,6
"נתב""ג",חיפה מרכז,3,2026,344
נהריה,עתלית,3,2026,2
קיסריה פרדס חנה,קרית גת,3,2026,75
סגולה,רעננה מערב,3,2026,18
עכו,כפר סבא,3,2026,73
ראש העין צפון,בני ברק,3,2026,313
ירושלים/יצחק נבון,באר יעקב,3,2026,95
באר שבע צפון,נהריה,3,2026,250
נתניה,ראש העין צפון,3,2026,224
קיסריה פרדס חנה,חיפה מרכז,3,2026,187
בית שמש,לוד גני אביב,3,2026,7
בנימינה,הרצליה,3,2026,2204
בת גלים,קרית גת,3,2026,142
בית שאן,בת גלים,3,2026,482
להבים רהט,באר יעקב,3,2026,4
קרית גת,נתניה קריית ספיר,3,2026,21
הרצליה,מרכזית המפרץ/קו החוף,3,2026,1265
לוד,השלום,3,2026,9307
ראש העין צפון,השלום,3,2026,2727
בני ברק,בית שמש,3,2026,10
בת גלים,לוד,3,2026,287
באר יעקב,קיסריה פרדס חנה,3,2026,131
תא אוניברסיטה,באר שבע צפון,3,2026,922
כפר ברוך,בית שאן,3,2026,155
כפר ברוך,מרכזית המפרץ/קו החוף,3,2026,106
אשקלון,לוד גני אביב,3,2026,32
כפר ברוך,תא אוניברסיטה,3,2026,28
תא אוניברסיטה,חדרה מערב,3,2026,1987
הרצליה,באר יעקב,3,2026,349
קרית מלאכי,"נתב""ג",3,2026,6
בת ים יוספטל,קרית מלאכי,3,2026,11
רחובות,ראש העין צפון,3,2026,84
מודיעין מרכז,חולון וולפסון,3,2026,42
"נתב""ג",קרית גת,3,2026,72
בת גלים,יבנה מערב,3,2026,105
קרית גת,חולון וולפסון,3,2026,17
פאתי מודיעין,נהריה,3,2026,29
תא אוניברסיטה,פאתי מודיעין,3,2026,200
כרמיאל,ירושלים/יצחק נבון,3,2026,565
בית שמש,כרמיאל,3,2026,31
קרית גת,חדרה מערב,3,2026,277
מודיעין מרכז,נתניה קריית ספיר,3,2026,106
נתיבות,בת גלים,3,2026,28
לוד,ראש העין צפון,3,2026,72
באר שבע צפון,קרית אריה,3,2026,150
קרית גת,אשדוד עד הלום,3,2026,11
קרית מוצקין,ירושלים/יצחק נבון,3,2026,848
עתלית,ירושלים/יצחק נבון,3,2026,31
נתיבות,בת ים יוספטל,3,2026,377
רעננה מערב,אשקלון,3,2026,293
כפר סבא,תל אביב מרכז,3,2026,2002
חיפה מרכז,קרית גת,3,2026,102
נהריה,אשקלון,3,2026,350
נהריה,תא אוניברסיטה,3,2026,1143
בת גלים,מזכרת בתיה,3,2026,93
מודיעין מרכז,באר שבע מרכז,3,2026,239
אשקלון,מזכרת בתיה,3,2026,1
באר שבע צפון,באר שבע מרכז,3,2026,130
להבים רהט,חדרה מערב,3,2026,30
יבנה מערב,כפר ברוך,3,2026,4
רחובות,אשדוד עד הלום,3,2026,4302
חדרה מערב,סגולה,3,2026,12
נתניה,נהריה,3,2026,848
עפולה,אופקים,3,2026,35
חוף הכרמל,בת ים יוספטל,3,2026,197
קיסריה פרדס חנה,בית שמש,3,2026,37
בת ים יוספטל,בית שאן,3,2026,18
נתניה,ירושלים/יצחק נבון,3,2026,3831
תל אביב מרכז,חדרה מערב,3,2026,6755
באר יעקב,לוד,3,2026,341
רעננה מערב,להבים רהט,3,2026,12
רחובות,רעננה מערב,3,2026,96
קיסריה פרדס חנה,ירושלים/יצחק נבון,3,2026,654
באר שבע מרכז,קרית אריה,3,2026,503
בית שמש,יבנה מזרח,3,2026,15
רחובות,ירושלים/יצחק נבון,3,2026,238
ירושלים/יצחק נבון,תל אביב מרכז,3,2026,16300
אשדוד עד הלום,להבים רהט,3,2026,9
להבים רהט,פאתי מודיעין,3,2026,3
שדרות,להבים רהט,3,2026,5
רמלה,אשקלון,3,2026,103
בת ים יוספטל,נהריה,3,2026,136
בני ברק,שדרות,3,2026,37
בנימינה,אופקים,3,2026,239
בנימינה,חדרה מערב,3,2026,706
להבים רהט,באר שבע צפון,3,2026,220
רמלה,דימונה,3,2026,1
סגולה,הרצליה,3,2026,45
חיפה מרכז,עתלית,3,2026,15
תל אביב מרכז,מודיעין מרכז,3,2026,3465
חולון וולפסון,לוד גני אביב,3,2026,14
כרמיאל,חיפה מרכז,3,2026,1731
עכו,סגולה,3,2026,21
נהריה,בית שמש,3,2026,90
באר שבע מרכז,חדרה מערב,3,2026,1378
נהריה,בית יהושע,3,2026,226
קיסריה פרדס חנה,בת ים יוספטל,3,2026,102
לוד גני אביב,כרמיאל,3,2026,1
חולון וולפסון,כפר ברוך,3,2026,5
נתניה,קרית אריה,3,2026,229
עתלית,השלום,3,2026,128
אופקים,עכו,3,2026,71
לוד גני אביב,רמלה,3,2026,6
קיסריה פרדס חנה,תא אוניברסיטה,3,2026,1082
יבנה מזרח,בת ים יוספטל,3,2026,1
בת ים יוספטל,בית שמש,3,2026,26
תל אביב מרכז,רעננה מערב,3,2026,923
מזכרת בתיה,מרכזית המפרץ/קו החוף,3,2026,223
בנימינה,קרית אריה,3,2026,209
קיסריה פרדס חנה,הרצליה,3,2026,1338
נהריה,בת ים יוספטל,3,2026,131
כפר סבא,מזכרת בתיה,3,2026,26
בת ים יוספטל,קרית אריה,3,2026,423
חדרה מערב,עכו,3,2026,241
תל אביב מרכז,אשדוד עד הלום,3,2026,5605
יבנה מזרח,תא אוניברסיטה,3,2026,60
"רשל""צ משה דיין",לוד,3,2026,140
כרמיאל,עכו,3,2026,38
שדרות,ירושלים/יצחק נבון,3,2026,197
נתניה,בית שאן,3,2026,87
רחובות,קרית מוצקין,3,2026,208
לוד גני אביב,חולון וולפסון,3,2026,13
השלום,כפר ברוך,3,2026,79
נתניה קריית ספיר,בת גלים,3,2026,109
יבנה מזרח,הוד השרון,3,2026,2
לוד,יבנה מזרח,3,2026,182
באר שבע מרכז,באר שבע צפון,3,2026,155
עכו,בת גלים,3,2026,3136
יבנה מערב,כרמיאל,3,2026,75
קרית אריה,מרכזית המפרץ/קו החוף,3,2026,168
יבנה מערב,קרית אריה,3,2026,423
דימונה,לוד,3,2026,6
חולון וולפסון,תא אוניברסיטה,3,2026,306
נתניה קריית ספיר,ירושלים/יצחק נבון,3,2026,409
בית שמש,קרית מלאכי,3,2026,6
חדרה מערב,בת גלים,3,2026,979
רמלה,נתניה,3,2026,239
חיפה מרכז,ראשונים,3,2026,9
עתלית,לוד,3,2026,5
השלום,חולון וולפסון,3,2026,869
שדרות,בת ים יוספטל,3,2026,354
רחובות,מודיעין מרכז,3,2026,32
מרכזית המפרץ/קו החוף,עכו,3,2026,2425
תל אביב מרכז,חולון וולפסון,3,2026,964
קרית מלאכי,הרצליה,3,2026,171
נתיבות,קרית מלאכי,3,2026,2
רחובות,רמלה,3,2026,37
חולון וולפסון,אשדוד עד הלום,3,2026,1214
נהריה,רעננה מערב,3,2026,58
עכו,נהריה,3,2026,2211
בנימינה,בית שמש,3,2026,110
ראשונים,באר שבע צפון,3,2026,105
קיסריה פרדס חנה,הוד השרון,3,2026,51
בית יהושע,חוף הכרמל,3,2026,505
אופקים,מרכזית המפרץ/קו החוף,3,2026,272
הוד השרון,להבים רהט,3,2026,15
בני ברק,עכו,3,2026,3
עתלית,בית שאן,3,2026,7
תל אביב מרכז,תא אוניברסיטה,3,2026,728
הוד השרון,כפר ברוך,3,2026,1
כפר ברוך,באר יעקב,3,2026,1
תל אביב מרכז,מזכרת בתיה,3,2026,826
באר שבע צפון,לוד,3,2026,1578
בנימינה,יבנה מזרח,3,2026,39
כרמיאל,נהריה,3,2026,201
דימונה,אשקלון,3,2026,1
ירושלים/יצחק נבון,נתיבות,3,2026,193
נתניה קריית ספיר,עתלית,3,2026,6
תל אביב מרכז,השלום,3,2026,1682
בית שמש,חולון וולפסון,3,2026,13
בית יהושע,נהריה,3,2026,180
קיסריה פרדס חנה,רחובות,3,2026,488
קיסריה פרדס חנה,לוד,3,2026,358
עכו,עפולה,3,2026,112
פאתי מודיעין,קרית גת,3,2026,4
אשקלון,חדרה מערב,3,2026,574
בני ברק,רעננה מערב,3,2026,89
אשדוד עד הלום,קיסריה פרדס חנה,3,2026,196
מזכרת בתיה,רחובות,3,2026,3
באר שבע מרכז,יבנה מזרח,3,2026,10
חדרה מערב,כרמיאל,3,2026,207
להבים רהט,אשקלון,3,2026,5
ראשונים,בני ברק,3,2026,2
לוד,עכו,3,2026,294
ראש העין צפון,רמלה,3,2026,43
בת גלים,חדרה מערב,3,2026,908
נתיבות,הרצליה,3,2026,111
עפולה,נתניה,3,2026,83
קרית מוצקין,קרית אריה,3,2026,116
קרית אריה,פאתי מודיעין,3,2026,4
בנימינה,באר יעקב,3,2026,193
הוד השרון,לוד גני אביב,3,2026,3
הרצליה,בת גלים,3,2026,1582
חוף הכרמל,אשקלון,3,2026,536
נתניה,עפולה,3,2026,81
חוף הכרמל,הרצליה,3,2026,2570
נתניה קריית ספיר,קיסריה פרדס חנה,3,2026,328
אשקלון,מודיעין מרכז,3,2026,117
כפר סבא,הרצליה,3,2026,484
ראש העין צפון,אשדוד עד הלום,3,2026,566
עתלית,תא אוניברסיטה,3,2026,38
מודיעין מרכז,באר שבע צפון,3,2026,69
חולון וולפסון,אשקלון,3,2026,1134
עכו,כרמיאל,3,2026,20
מרכזית המפרץ/קו החוף,כרמיאל,3,2026,4272
פאתי מודיעין,קרית מוצקין,3,2026,47
כרמיאל,בית שאן,3,2026,41
עתלית,בת ים יוספטל,3,2026,2
תא אוניברסיטה,נהריה,3,2026,951
כפר סבא,בית שמש,3,2026,18
רעננה מערב,רחובות,3,2026,60
עתלית,רעננה מערב,3,2026,1
נתיבות,אשקלון,3,2026,1063
שדרות,כרמיאל,3,2026,52
הוד השרון,מרכזית המפרץ/קו החוף,3,2026,49
סגולה,פאתי מודיעין,3,2026,2
פאתי מודיעין,יבנה מערב,3,2026,4
מרכזית המפרץ/קו החוף,להבים רהט,3,2026,145
קרית אריה,חדרה מערב,3,2026,201
בית יהושע,רמלה,3,2026,88
הרצליה,נתניה,3,2026,2583
נהריה,כפר סבא,3,2026,125
פאתי מודיעין,חיפה מרכז,3,2026,40
פאתי מודיעין,להבים רהט,3,2026,4
מודיעין מרכז,ראש העין צפון,3,2026,24
קרית מלאכי,עכו,3,2026,42
רחובות,קרית מלאכי,3,2026,13
"רשל""צ משה דיין",רעננה מערב,3,2026,219
עפולה,קרית מוצקין,3,2026,96
בת גלים,פאתי מודיעין,3,2026,91
ראש העין צפון,הרצליה,3,2026,457
קיסריה פרדס חנה,מזכרת בתיה,3,2026,19
בית שאן,באר יעקב,3,2026,7
חדרה מערב,נתניה קריית ספיר,3,2026,1150
יבנה מזרח,לוד,3,2026,199
אשדוד עד הלום,רחובות,3,2026,4168
חולון וולפסון,הרצליה,3,2026,203
קרית מוצקין,רחובות,3,2026,252
דימונה,"רשל""צ משה דיין",3,2026,3
בת גלים,נתיבות,3,2026,24
לוד,שדרות,3,2026,146
עתלית,פאתי מודיעין,3,2026,3
יבנה מערב,לוד גני אביב,3,2026,14
לוד,להבים רהט,3,2026,333
באר יעקב,קרית מוצקין,3,2026,29
ראש העין צפון,שדרות,3,2026,367
לוד גני אביב,כפר סבא,3,2026,6
כרמיאל,מזכרת בתיה,3,2026,22
כפר ברוך,כפר סבא,3,2026,2
סגולה,ראש העין צפון,3,2026,24
קרית מוצקין,חדרה מערב,3,2026,423
באר שבע צפון,קרית מלאכי,3,2026,452
באר שבע מרכז,נהריה,3,2026,1338
בת גלים,בת ים יוספטל,3,2026,86
סגולה,השלום,3,2026,445
באר יעקב,באר שבע צפון,3,2026,55
מרכזית המפרץ/קו החוף,ראש העין צפון,3,2026,167
חדרה מערב,נתיבות,3,2026,119
כפר ברוך,לוד,3,2026,2
ראשונים,מרכזית המפרץ/קו החוף,3,2026,16
קרית גת,ירושלים/יצחק נבון,3,2026,140
נתיבות,כפר ברוך,3,2026,3
עתלית,נתניה קריית ספיר,3,2026,5
כפר סבא,הוד השרון,3,2026,42
עתלית,כרמיאל,3,2026,3
נתניה,סגולה,3,2026,25
בנימינה,יבנה מערב,3,2026,416
הרצליה,רמלה,3,2026,262
בית שמש,עפולה,3,2026,9
חיפה מרכז,חוף הכרמל,3,2026,374
"רשל""צ משה דיין",חדרה מערב,3,2026,327
רעננה מערב,נהריה,3,2026,41
שדרות,בית שאן,3,2026,31
"נתב""ג",בית שאן,3,2026,34
כפר ברוך,יבנה מערב,3,2026,4
ירושלים/יצחק נבון,בנימינה,3,2026,2328
קרית אריה,בת ים יוספטל,3,2026,452
בית שאן,קרית מוצקין,3,2026,67
"נתב""ג",יבנה מזרח,3,2026,7
אשדוד עד הלום,נהריה,3,2026,269
נתניה קריית ספיר,נתניה,3,2026,91
עתלית,רחובות,3,2026,6
מזכרת בתיה,"רשל""צ משה דיין",3,2026,8
אשקלון,בת ים יוספטל,3,2026,2158
יבנה מערב,עתלית,3,2026,1
מודיעין מרכז,יבנה מזרח,3,2026,6
הרצליה,תל אביב מרכז,3,2026,4324
באר שבע צפון,הרצליה,3,2026,1119
חולון וולפסון,ירושלים/יצחק נבון,3,2026,475
בת ים יוספטל,שדרות,3,2026,380
שדרות,באר שבע מרכז,3,2026,957
חיפה מרכז,סגולה,3,2026,13
השלום,נהריה,3,2026,3005
בנימינה,קרית גת,3,2026,419
עתלית,חדרה מערב,3,2026,11
בת גלים,תא אוניברסיטה,3,2026,1198
קרית אריה,ראשונים,3,2026,3
חיפה מרכז,ירושלים/יצחק נבון,3,2026,627
מזכרת בתיה,ירושלים/יצחק נבון,3,2026,12
בנימינה,חיפה מרכז,3,2026,897
נתיבות,באר שבע צפון,3,2026,796
כפר ברוך,הוד השרון,3,2026,2
עפולה,קרית מלאכי,3,2026,15
נתניה קריית ספיר,ראשונים,3,2026,4
חדרה מערב,יבנה מזרח,3,2026,52
חוף הכרמל,"רשל""צ משה דיין",3,2026,372
ירושלים/יצחק נבון,מודיעין מרכז,3,2026,1772
באר שבע מרכז,קרית מוצקין,3,2026,1211
קרית גת,בת גלים,3,2026,148
תא אוניברסיטה,בת גלים,3,2026,1170
מרכזית המפרץ/קו החוף,אשקלון,3,2026,546
בת ים יוספטל,"רשל""צ משה דיין",3,2026,588
נתיבות,בנימינה,3,2026,80
תא אוניברסיטה,נתניה,3,2026,2134
בני ברק,פאתי מודיעין,3,2026,3
כפר ברוך,רמלה,3,2026,1
קרית אריה,נתיבות,3,2026,233
הרצליה,חיפה מרכז,3,2026,627
חוף הכרמל,להבים רהט,3,2026,108
יבנה מזרח,באר יעקב,3,2026,68
קרית אריה,באר שבע מרכז,3,2026,808
פאתי מודיעין,אשקלון,3,2026,39
באר יעקב,שדרות,3,2026,46
נתיבות,קרית מוצקין,3,2026,31
ירושלים/יצחק נבון,פאתי מודיעין,3,2026,690
"נתב""ג",תא אוניברסיטה,3,2026,379
נתניה קריית ספיר,מרכזית המפרץ/קו החוף,3,2026,56
עכו,בת ים יוספטל,3,2026,68
הוד השרון,רמלה,3,2026,20
סגולה,נתיבות,3,2026,30
השלום,אשדוד עד הלום,3,2026,8555
כרמיאל,דימונה,3,2026,1
כפר ברוך,קרית גת,3,2026,7
קרית מלאכי,"רשל""צ משה דיין",3,2026,10
